From \ To,1,2,3,4,5,6,7,8,9,10,11,12,13,14,15,16,17,18,19,20,21,22,23,24,25,26,27,28,29,30,31,32,33,34,35,36,37,38,39,40,41,42,43,44,45,46,47,48,49,50,51,52,53,54,55,56,57,58,59,60,61,62,63,64,65,66,67,68,69,70,71,72,73,74,75,76,77,78,79,80,81,82,83,84,85,86,87,88,89,90,91,92
1,0,87.211,97.6069,106.8138,395.17359999999996,480.5043,444.3403,451.619,594.1972,604.9676,605.0224000000001,678.5310999999999,557.5306999999999,569.0145,634.4363000000001,594.8946,175.4749,281.8142,363.7137,277.1398,353.94109999999995,311.72040000000004,312.4415,350.1057,346.7856,335.4298,313.0721,362.9002,420.764,445.71520000000004,373.45090000000005,441.21070000000003,366.36420000000004,549.5941,490.617,529.2689,512.2425,479.936,422.8804,435.7903,446.43190000000004,436.148,435.8298,198.46529999999998,164.8843,110.7198,519.8032000000001,556.2321999999999,578.0077,470.76509999999996,483.84409999999997,583.002,459.1539,685.1902,638.5251,666.8109000000001,642.4754,715.6791,575.5037,627.1496,629.8874000000001,586.8518,577.0618000000001,571.3039,574.8128,616.8089,278.6518,311.4405,227.5172,257.925,261.11039999999997,316.0831,302.10720000000003,503.00329999999997,451.9647,432.9882,449.51090000000005,451.9647,690.2649,636.0004,589.9445,620.0847,591.5811,265.1508,264.5897,273.11990000000003,257.6666,207.87529999999998,378.934,389.3298,535.4281,436.9765
2,87.211,0,5.3945,119.2012,311.4745,396.8052,360.6412,367.91990000000004,529.5518000000001,521.8373,521.8921,595.4008,474.40040000000005,485.8842,569.7909000000001,511.7644,189.7656,296.10490000000004,299.06829999999997,194.0095,270.8108,228.5901,229.3112,285.46029999999996,282.1402,270.7844,248.4267,298.2548,356.11859999999996,381.0698,308.8055,376.5653,301.7188,466.4638,407.4867,446.1386,429.11220000000003,396.8057,339.7501,352.6601,363.30170000000004,353.0177,352.6995,133.8199,100.2389,91.4715,455.1578,491.5868,513.3623,406.1197,419.19870000000003,518.3566,394.5085,602.0599,555.3948,583.6806,559.3451,632.5488,492.3735,544.0193,546.7570999999999,503.15270000000004,493.3627,487.6048,491.1137,533.1098000000001,214.00639999999999,246.79510000000002,162.87179999999998,193.27960000000002,196.465,251.4377,237.46179999999998,438.35790000000003,387.3193,368.3428,384.8655,387.3193,607.1346,552.8702,506.8142,536.3855,508.45090000000005,181.45170000000002,180.8906,189.42079999999999,174.53629999999998,124.745,295.23490000000004,403.6204,418.47429999999997,353.8462
3,97.6069,5.3945,0,130.4043,309.209,394.53970000000004,358.3757,365.6544,532.8186999999999,520.7563,520.8111,594.3198000000001,473.31940000000003,484.8032,573.0577,510.6833,200.9687,315.4226,291.52070000000003,192.9285,269.7298,227.50910000000002,228.23020000000002,288.72709999999995,285.407,274.0512,251.6936,301.5216,359.3854,384.3366,312.0723,379.83209999999997,304.9857,465.3828,406.4057,445.0576,428.0311,395.7247,338.66909999999996,351.579,362.2206,351.93670000000003,351.6184,137.0867,103.50569999999999,94.73830000000001,458.4246,494.8537,516.6291,409.3865,422.4655,521.6234000000001,397.7753,600.9789000000001,554.3138,582.5996,558.2641,631.4678,491.29240000000004,542.9383,545.6761,500.8872,491.0972,485.3393,488.8482,530.8443000000001,217.2732,250.062,166.1386,196.5465,199.7318,199.6064,240.7286,441.6247,390.5861,371.6096,388.1323,390.5861,606.0536,551.7891,505.7331,534.1201,507.3698,179.1862,178.6251,187.15529999999998,173.4553,123.664,292.9694,422.9382,416.2088,352.7652
4,106.8138,119.2012,130.4043,0,356.26759999999996,441.5982,405.43420000000003,412.713,626.6554,637.4258000000001,637.4806,710.9893000000001,589.9889000000001,601.4726999999999,666.8944,627.3528,93.78110000000001,200.1204,396.17190000000005,309.598,386.3993,344.17859999999996,344.8997,382.56390000000005,379.24379999999996,367.888,345.5303,395.3584,453.2222,478.1734,405.90909999999997,473.6689,398.8224,582.0523000000001,523.0752,561.7271,544.7006,512.3942,455.3386,468.2485,478.89009999999996,468.6062,468.28790000000004,230.9235,197.3424,188.5751,552.2614,588.6904000000001,610.4659,503.2233,516.3023,615.4602,491.6121,717.6484,670.9833000000001,699.2691,674.9336,748.1373000000001,607.9619,659.6078,662.3456,547.9457,538.1558,532.3979,535.9068000000001,577.9029,311.11,343.8987,259.9754,290.3832,293.5686,348.5412,334.5654,535.4615,484.4228,465.44640000000004,481.96909999999997,484.4228,722.723,668.4585999999999,539.3299000000001,581.1786,624.0393,226.2448,225.6836,234.2138,319.3347,240.3335,307.3824,307.636,453.73440000000005,469.4347
5,395.17359999999996,311.4745,309.209,356.26759999999996,0,80.0001,46.125800000000005,51.1149,574.3224,471.085,471.1398,544.6485,423.6481,435.13190000000003,600.9086,461.012,281.7705,294.9396,301.458,275.46029999999996,279.6671,216.2922,216.0394,494.84020000000004,491.52009999999996,480.16429999999997,429.2623,507.6347,565.4986,590.4497,469.4737,585.9452,511.0988,415.7115,356.73440000000005,395.3863,378.3598,218.105,158.4839,301.90770000000003,312.5493,302.26529999999997,301.9471,463.3145,415.135,406.3677,664.5377,700.9668,722.7421999999999,615.4996,628.5785999999999,727.7365,603.8884,551.3076,504.6425,532.9283,508.5928,581.7965,441.62109999999996,493.267,496.0048,186.3476,176.5577,170.79979999999998,174.30870000000002,216.30470000000003,434.6701,378.77070000000003,470.162,396.78909999999996,400.6443,328.9845,483.9144,414.77340000000004,356.29040000000003,405.95529999999997,355.6597,356.29040000000003,333.8896,337.0336,177.7318,219.5805,213.38029999999998,130.3447,141.3616,134.7877,184.89479999999998,226.2633,119.55980000000001,263.5372,195.1959,303.0939
6,480.5043,396.8052,394.53970000000004,441.5982,80.0001,0,67.2024,31.0966,585.7736,482.5362,482.59090000000003,556.0997,435.09929999999997,446.5831,612.3597,472.46320000000003,366.4326,379.6017,312.9092,286.9114,291.1182,227.74329999999998,227.4906,506.2914,502.9712,491.6155,440.7135,519.0859,576.9497,601.9009,480.9248,597.3964,522.5499,224.6352,368.1855,406.8375,389.811,167.873,144.4137,313.3589,324.0005,313.7165,313.3983,474.76559999999995,435.1182,491.02979999999997,675.9889000000001,712.4179,734.1933,626.9508000000001,640.0298,739.1876,615.3396,347.21009999999995,516.0935999999999,544.3795,312.2517,358.6491,453.0723,504.7182,507.456,141.72379999999998,131.9339,126.176,129.6849,171.681,446.1212,390.2219,481.6131,408.2403,412.0955,340.4357,495.3655,426.2245,367.74159999999995,417.4065,367.1108,367.74159999999995,258.35360000000003,261.4977,102.1959,174.9567,137.8444,215.0068,226.02370000000002,219.4497,179.92079999999999,231.4889,196.1874,340.1648,224.67589999999998,314.545
7,444.3403,360.6412,358.3757,405.43420000000003,46.125800000000005,67.2024,0,77.76360000000001,530.1975,426.96009999999995,427.0148,500.5236,379.52320000000003,391.007,556.7836,416.8871,330.2643,343.4334,257.3331,231.3353,235.5421,172.1672,171.9145,450.7153,447.39509999999996,436.0394,385.1374,463.5098,521.3736,546.3248000000001,425.3487,541.8203000000001,466.9738,371.5866,312.60940000000005,351.26140000000004,334.23490000000004,163.5958,114.35889999999999,257.7828,268.42440000000005,258.1404,257.8222,419.1896,379.5421,497.37620000000004,620.4128000000001,656.8418,678.6171999999999,571.3747,584.4536999999999,683.6115,559.7635,507.1826,460.5175,488.8034,464.4678,537.6715,397.4962,449.14209999999997,451.8799,188.39079999999998,178.6009,172.843,176.3519,218.348,390.5451,334.6458,426.037,352.6642,356.5194,284.8596,439.7894,370.64840000000004,312.1655,361.8304,311.5347,312.1655,295.445,298.5891,139.2873,221.6237,174.9358,178.8385,189.8554,183.2814,114.7097,175.91279999999998,174.6934,318.6708,239.3108,258.9689
8,451.619,367.91990000000004,365.6544,412.713,51.1149,31.0966,77.76360000000001,0,596.4547,493.21729999999997,493.27209999999997,566.7808,445.78040000000004,457.2642,623.0409000000001,483.1443,338.2808,351.4499,323.5903,297.5926,301.79940000000005,238.4245,238.17170000000002,516.9725,513.6524000000001,502.29659999999996,451.39459999999997,529.7671,587.6309,612.582,491.606,608.0775,533.2311,258.7926,378.86670000000004,417.5186,400.4922,218.8158,155.0949,324.04,334.6816,324.3977,324.0795,485.4468,445.79940000000005,462.878,686.6700999999999,723.0991,744.8745,637.632,650.711,749.8688000000001,626.0206999999999,373.74920000000003,526.7748,555.0606,338.7909,385.1882,463.7534,515.3993,518.1371,137.3508,127.5608,121.8029,125.3118,167.3079,456.80240000000003,400.903,492.29429999999996,418.9214,422.7766,351.1168,506.0467,436.9057,378.4227,428.0877,377.792,378.4227,284.8927,288.03679999999997,128.735,170.58370000000002,164.3835,186.855,197.87189999999998,191.298,241.4051,282.7736,168.03570000000002,312.01309999999995,196.5241,325.2262
9,594.1972,529.5518000000001,532.8186999999999,626.6554,574.3224,585.7736,530.1975,596.4547,0,116.158,102.3238,110.2305,203.26829999999998,157.78539999999998,57.8621,239.4034,697.9126,739.9045,454.52,461.6528,384.9676,402.2704,402.0177,249.1952,251.9511,261.325,307.06190000000004,279.1245,175.39020000000002,259.8745,288.7738,187.1223,249.7304,377.423,218.94,233.3701,195.93439999999998,364.54859999999996,408.2382,279.64029999999997,269.9232,279.3329,278.0013,411.5116,446.6425,489.6982,84.3476,66.3594,149.5463,116.97439999999999,187.35129999999998,107.5317,146.0094,513.0191,318.1688,335.91240000000005,470.3043,543.508,403.33259999999996,454.9785,457.7163,708.9635,699.1735,693.4155999999999,696.9245,738.9205999999999,341.5293,361.5911,407.5534,350.3173,344.1985,406.8893,410.4846,165.6241,178.2906,173.1064,191.4905,178.2906,518.0938,463.8293,484.9676,552.436,486.60429999999997,584.126,586.3265,579.7526,491.4762,518.3818,699.9684,847.4200999999999,791.9155,277.08279999999996
10,604.9676,521.8373,520.7563,637.4258000000001,471.085,482.5362,426.96009999999995,493.21729999999997,116.158,0,1.5172,69.0379,89.4895,53.1261,125.298,125.6245,622.0762,635.2453,382.99129999999997,356.9935,280.3083,297.6112,297.3584,318.8383,321.5942,330.9681,316.9467,348.76759999999996,245.0333,329.5175,271.8053,256.76529999999997,319.3735,272.7638,114.2808,119.5912,91.27510000000001,259.8893,303.57890000000003,174.981,165.2639,174.6736,173.342,481.1547,516.2855999999999,559.3413,167.7018,213.9083,245.8126,195.48729999999998,256.9944,240.678,215.6525,408.3598,204.38989999999998,222.1335,365.645,438.8488,298.6734,350.3193,244.17929999999998,604.3041999999999,594.5143,588.7564,592.2653,634.2614,411.17240000000004,303.96790000000004,477.1965,419.96040000000005,413.84159999999997,410.51779999999997,480.1277,128.8256,191.8328,193.4919,196.3193,191.8328,413.4345,359.1701,380.3084,447.7768,381.945,479.4667,481.6673,475.0933,386.817,413.7226,595.3091999999999,742.7608,687.2561999999999,172.4235
11,605.0224000000001,521.8921,520.8111,637.4806,471.1398,482.59090000000003,427.0148,493.27209999999997,102.3238,1.5172,0,69.1883,88.3179,52.8007,125.44839999999999,124.453,621.7506999999999,634.9198,382.6658,356.6681,279.9828,297.2857,297.03290000000004,319.6826,322.4385,331.8124,316.6212,349.61190000000005,245.8776,330.3618,271.47990000000004,257.6096,320.2178,272.43829999999997,113.95530000000001,118.4196,90.94969999999999,259.5639,303.2534,174.6556,164.9384,174.34820000000002,173.0165,481.999,517.1299,560.1856,168.5461,214.7526,246.6569,196.3316,257.8387,241.5223,216.49679999999998,408.0344,203.2183,220.962,365.3196,438.5233,298.34790000000004,349.99379999999996,243.00779999999997,603.9787,594.1888,588.4309000000001,591.9398,633.9359000000001,412.0167,303.6424,478.0408,420.8047,414.6859,410.1923,480.972,152.9377,191.5074,194.33620000000002,195.9938,191.5074,413.109,358.84459999999996,379.98290000000003,447.4513,381.6196,479.1412,481.3418,474.76779999999997,386.4915,413.39709999999997,594.9837,742.4354000000001,686.9307,172.098
12,678.5310999999999,595.4008,594.3198000000001,710.9893000000001,544.6485,556.0997,500.5236,566.7808,110.2305,69.0379,69.1883,0,155.2181,125.9745,93.03439999999999,130.8402,694.9245999999999,708.0935999999999,455.8397,429.8419,353.1567,370.4595,370.2068,399.9876,402.7435,412.11740000000003,389.7951,429.9169,326.1826,410.6669,344.6537,337.91470000000004,400.52279999999996,345.6121,187.12920000000003,185.3198,164.1235,332.7377,376.4273,247.8294,238.11229999999998,247.522,246.19039999999998,562.304,597.435,640.4907,248.8512,172.4847,326.9619,276.6367,338.1438,201.4553,296.8018,481.20820000000003,232.1262,249.8699,438.4934,511.6971,371.5218,274.7604,271.9156,677.1526,667.3626999999999,661.6048000000001,665.1137,707.1097,492.3218,376.8163,558.3458,501.1098,494.9909,483.3662,561.2771,210.3459,264.6812,274.6413,269.1677,264.6812,486.28290000000004,432.0185,453.1567,520.6251,454.7934,552.3151,554.5156,547.9417,459.66540000000003,486.571,668.1576,815.6092,760.1046,245.2719
13,557.5306999999999,474.40040000000005,473.31940000000003,589.9889000000001,423.6481,435.09929999999997,379.52320000000003,445.78040000000004,203.26829999999998,89.4895,88.3179,155.2181,0,73.8077,212.295,58.7333,573.937,587.106,334.852,308.85429999999997,232.16910000000001,249.4719,249.2192,404.3608,404.67670000000004,399.0213,462.6564,434.2901,330.5558,415.0401,366.7723,342.28790000000004,398.0865,154.64970000000002,135.46189999999999,29.8737,88.2642,211.89839999999998,255.43970000000002,126.99010000000001,117.27289999999999,126.53439999999999,131.9195,496.7085,457.06109999999995,574.8951999999999,253.2244,299.4308,331.33509999999995,281.0099,342.5169,326.20059999999995,301.175,273.2669,137.4987,155.2423,230.5521,303.75579999999997,163.5804,180.1329,177.28810000000001,556.165,546.3751,540.6170999999999,544.1261,586.1220999999999,468.0641,412.16470000000004,503.556,430.1832,434.0384,362.37859999999995,517.3084,174.44420000000002,286.7998,337.0143,291.2863,286.7998,278.34159999999997,224.0771,332.3174,399.7858,333.9541,431.3275,433.528,426.9541,338.6778,365.58340000000004,547.17,694.6216,639.117,124.4325
14,569.0145,485.8842,484.8032,601.4726999999999,435.13190000000003,446.5831,391.007,457.2642,157.78539999999998,53.1261,52.8007,125.9745,73.8077,0,182.4794,122.4132,586.3716,599.5406999999999,347.2867,321.289,153.53529999999998,261.9066,261.6539,270.24170000000004,259.9273,254.2719,267.1642,294.67220000000003,285.6431,370.1274,222.0229,297.3752,253.3371,237.0592,64.4983,168.97529999999998,41.4927,224.1848,267.8743,139.2765,129.55939999999998,138.9691,137.63739999999999,403.2561,438.3871,481.4428,208.3117,254.5181,286.42240000000004,236.0971,297.6042,281.2878,256.2623,372.6553,201.17860000000002,218.9222,329.9405,403.1442,262.9688,314.6147,317.3525,568.5997,558.8096999999999,553.0518000000001,556.5607,598.5568000000001,333.2739,254.1854,399.2979,342.06190000000004,335.943,374.8132,402.2292,103.4807,142.0504,192.26489999999998,146.5369,142.0504,377.73,323.4655,344.6038,412.0722,346.2405,443.7622,445.9627,439.38870000000003,351.11240000000004,378.018,559.6046,707.0563000000001,651.5517,136.7189
15,634.4363000000001,569.7909000000001,573.0577,666.8944,600.9086,612.3597,556.7836,623.0409000000001,57.8621,125.298,125.44839999999999,93.03439999999999,212.295,182.4794,0,247.2604,737.9024000000001,764.0009,494.5098,524.9309000000001,409.06390000000005,426.3668,426.114,289.185,291.9409,301.3148,347.0518,319.1143,215.38,299.8643,328.76370000000003,227.1121,289.72020000000003,401.5194,243.0364,241.227,220.03070000000002,388.6449,432.3345,303.73659999999995,294.0195,303.42920000000004,302.0976,451.50140000000005,486.6324,529.6881,124.33739999999999,80.81230000000001,179.0662,186.984,227.3411,109.7829,185.9992,537.1154,326.0258,343.7694,494.4006,567.6043000000001,427.429,368.66,365.8152,733.0598,723.2699,717.512,721.0209,763.017,381.5191,401.58090000000004,447.5432,390.3072,384.18829999999997,446.8792,450.4745,215.611,241.7398,271.8383,245.7421,241.7398,542.1901,487.9257,509.06390000000005,576.5324,510.70059999999995,608.2223,610.4228,603.8489000000001,515.5726,542.4781999999999,724.0648,871.5164,816.0118,301.17909999999995
16,594.8946,511.7644,510.6833,627.3528,461.012,472.46320000000003,416.8871,483.1443,239.4034,125.6245,124.453,130.8402,58.7333,122.4132,247.2604,0,611.3174,624.4865,372.2325,346.2348,269.5495,286.85240000000005,286.59959999999995,441.14709999999997,442.0572,436.4018,500.03679999999997,471.07640000000004,367.34209999999996,451.82640000000004,404.1528,379.0742,435.467,189.6781,184.7678,65.6373,148.5787,249.2788,292.82009999999997,164.3705,154.6534,163.9149,169.3,534.089,494.4416,612.2755999999999,290.0107,336.21709999999996,368.12140000000005,317.7962,379.3033,362.98690000000005,337.9613,235.09779999999998,101.8852,119.62889999999999,228.9835,302.1872,161.05,144.5195,141.6747,593.5454,583.7555,577.9975999999999,581.5065,623.5026,505.4446,449.5452,540.9365,467.56359999999995,471.4188,399.759,554.6888,223.7501,324.1803,374.3947,328.6667,324.1803,276.3263,222.06189999999998,369.6978,437.1663,371.3345,468.7079,470.9085,464.3345,376.0582,402.9638,584.5504,732.0020999999999,676.4974,161.813
17,175.4749,189.7656,200.9687,93.78110000000001,281.7705,366.4326,330.2643,338.2808,697.9126,622.0762,621.7506999999999,694.9245999999999,573.937,586.3716,737.9024000000001,611.3174,0,113.1023,452.4854,393.6327,430.6945,344.13390000000004,337.56690000000003,451.96320000000003,448.643,437.2873,414.9296,464.7577,522.6215,547.5726999999999,475.3083,543.0681999999999,468.2217,566.3634000000001,507.3863,546.0382,529.0118,496.70529999999997,371.78909999999996,452.5597,463.2013,452.9173,452.59909999999996,300.3227,266.74170000000004,257.9744,621.6606999999999,658.0897,679.8651,572.6225999999999,585.7016,684.8594,561.0114,701.9595,655.2944,683.5802,659.2447,732.4484,592.2731,643.9189,646.6567,473.7063,463.9163,458.15840000000003,461.6673,503.6634,380.5092,413.298,329.3746,359.7825,362.9678,417.9405,403.9647,565.4253,507.3178,534.8457,506.6871,507.3178,621.2483000000001,652.7698,465.0905,506.9392,500.739,152.00529999999998,151.44420000000002,159.9744,245.09529999999998,286.4638,220.3643,220.6179,366.7163,453.7458
18,281.8142,296.10490000000004,315.4226,200.1204,294.9396,379.6017,343.4334,351.4499,739.9045,635.2453,634.9198,708.0935999999999,587.106,599.5406999999999,764.0009,624.4865,113.1023,0,464.9819,406.1292,443.191,356.6304,350.0634,559.0756,555.7555,544.3996999999999,522.0421,571.8702,629.734,654.6850999999999,582.4208000000001,650.1806,575.3342,578.8599,519.8828,558.5346999999999,541.5083000000001,509.2019,384.2856,465.0562,475.6978,465.4138,465.0956,407.4352,373.8542,365.0868,728.7731,765.2022,786.9775999999999,679.735,692.814,791.9719,668.1238000000001,714.456,667.7909000000001,696.0767,671.7411999999999,744.9449000000001,604.7696,656.4154,659.1532,486.20279999999997,476.41290000000004,470.6549,262.613,516.1599,487.62170000000003,520.4105,436.4871,466.895,470.08029999999997,492.5085,511.0771,577.9218000000001,519.8143,569.4793000000001,519.1836,519.8143,633.7448,665.2663,477.587,519.4357,513.2355,164.50179999999997,163.94070000000002,172.4709,257.5918,298.96029999999996,107.9549,114.6097,260.7081,466.2423
19,363.7137,299.06829999999997,291.52070000000003,396.17190000000005,301.458,312.9092,257.3331,323.5903,454.52,382.99129999999997,382.6658,455.8397,334.852,347.2867,494.5098,372.2325,452.4854,464.9819,0,47.495599999999996,81.6867,102.6057,127.4423,211.4294,208.10920000000002,196.7535,145.8515,224.2239,282.0877,307.0389,138.5542,302.5344,227.68789999999998,325.3821,170.2103,305.05690000000004,242.4582,255.724,198.6684,211.57829999999998,195.9471,187.8821,186.9992,179.9036,140.2562,258.0903,381.12690000000003,417.5559,439.3313,332.0888,345.1678,444.32559999999995,320.4776,460.9781,414.313,442.5989,418.2633,491.467,351.2917,402.9375,405.6754,434.2478,424.4579,418.7,422.2089,464.205,151.25920000000002,95.3598,186.7511,113.3783,117.2335,45.573699999999995,200.5035,130.7526,108.868,133.7597,98.9881,108.868,466.0528,411.7884,365.73240000000004,467.4807,367.3691,309.5506,311.75109999999995,305.1772,216.90079999999998,191.9075,425.2528,572.8447,517.1998,212.7644
20,277.1398,194.0095,192.9285,309.598,275.46029999999996,286.9114,231.3353,297.5926,461.6528,356.9935,356.6681,429.8419,308.85429999999997,321.289,524.9309000000001,346.2348,393.6327,406.1292,47.495599999999996,0,56.900400000000005,62.525800000000004,70.9355,241.9629,238.64270000000002,227.2869,176.3849,254.7574,312.6212,337.5724,216.59629999999999,333.0678,258.2214,300.5957,145.424,280.2705,217.6718,230.9376,173.882,186.7919,171.16070000000002,163.0958,162.2129,210.43710000000002,170.7897,288.62379999999996,411.66040000000004,448.0894,469.8648,362.6223,375.7013,474.85909999999996,351.0111,436.1918,389.5267,417.8125,393.477,466.6807,326.5053,378.1512,380.889,409.4615,399.67159999999996,393.9136,397.4226,439.41859999999997,181.79270000000002,125.8933,217.2846,143.9118,147.767,76.1071,231.037,140.9808,126.1401,175.805,125.5093,126.1401,441.2665,387.002,340.946,442.69440000000003,342.5827,260.7645,262.965,256.391,168.1147,111.302,400.4665,524.0586,492.4135,187.9781
21,353.94109999999995,270.8108,269.7298,386.3993,279.6671,291.1182,235.5421,301.79940000000005,384.9676,280.3083,279.9828,353.1567,232.16910000000001,153.53529999999998,409.06390000000005,269.5495,430.6945,443.191,81.6867,56.900400000000005,0,82.9415,107.778,278.7334,275.4132,264.0575,213.1555,291.52790000000005,349.3917,374.34290000000004,177.0696,369.83840000000004,208.38379999999998,229.6605,88.81989999999999,202.5719,164.4306,191.056,179.0041,109.7037,117.9195,109.8545,108.9717,247.2076,207.5602,325.3943,448.4309,484.85990000000004,506.6353,202.426,412.4718,511.6296,387.78159999999997,365.2565,318.5914,346.8773,322.5417,395.7454,255.5701,307.216,309.9538,414.5836,404.79359999999997,399.0357,402.5446,444.5407,218.56320000000002,162.66379999999998,254.0551,180.6823,184.5375,112.87769999999999,267.8075,122.8193,102.0407,151.7056,101.41,102.0407,370.3312,316.0668,301.06440000000003,447.8165,302.7011,289.8863,292.0868,285.5129,197.2366,172.2432,405.5885,553.1804000000001,497.5356,113.1822
22,311.72040000000004,228.5901,227.50910000000002,344.17859999999996,216.2922,227.74329999999998,172.1672,238.4245,402.2704,297.6112,297.2857,370.4595,249.4719,261.9066,426.3668,286.85240000000005,344.13390000000004,356.6304,102.6057,62.525800000000004,82.9415,0,8.196399999999999,296.5001,293.17990000000003,281.8242,230.9222,309.2946,367.15840000000003,392.1096,271.1335,387.6051,312.7586,239.9775,181.00029999999998,219.6523,202.6258,170.3194,113.37819999999999,126.1737,136.81529999999998,126.5313,126.21310000000001,264.97429999999997,210.12820000000002,343.161,466.19759999999997,502.6266,524.402,417.1595,430.2385,529.3963,405.5483,375.5735,328.90840000000003,357.1943,332.8587,406.0624,265.8871,317.533,320.2708,348.9577,339.1677,333.40979999999996,336.9187,378.9148,236.32989999999998,180.4305,271.8218,198.449,202.3042,130.6444,285.5742,239.0393,157.95020000000002,207.61520000000002,157.3195,157.95020000000002,380.64820000000003,326.3838,280.32779999999997,382.1905,281.9645,200.9034,203.10389999999998,196.53,108.2536,127.4193,336.69559999999996,464.1975,431.9097,127.3598
23,312.4415,229.3112,228.23020000000002,344.8997,216.0394,227.4906,171.9145,238.17170000000002,402.0177,297.3584,297.03290000000004,370.2068,249.2192,261.6539,426.114,286.59959999999995,337.56690000000003,350.0634,127.4423,70.9355,107.778,8.196399999999999,0,320.73440000000005,317.4142,306.0584,255.1564,333.5289,391.3927,416.3439,295.3678,411.8393,336.9929,241.2301,182.253,220.9049,203.8785,171.572,114.63080000000001,127.4264,138.068,127.784,127.4658,289.2086,211.0323,322.4353,490.43190000000004,526.8609,548.6363,441.3938,454.4728,553.6306,429.7826,376.82620000000003,330.1611,358.4469,334.1114,407.3151,267.1398,318.7856,321.52340000000004,350.21029999999996,340.42040000000003,334.6625,338.1714,380.1675,260.5642,204.66479999999999,296.05609999999996,222.68329999999997,226.5385,154.8786,309.8085,240.292,182.1845,231.8495,181.5538,182.1845,381.90090000000004,327.6365,281.5805,383.4432,283.2172,194.2719,196.4725,189.8985,101.62219999999999,128.5278,330.0641,457.566,433.1623,128.6125
24,350.1057,285.46029999999996,288.72709999999995,382.56390000000005,494.84020000000004,506.2914,450.7153,516.9725,249.1952,318.8383,319.6826,399.9876,404.3608,270.24170000000004,289.185,441.14709999999997,451.96320000000003,559.0756,211.4294,241.9629,278.7334,296.5001,320.73440000000005,0,14.4843,13.603200000000001,61.806400000000004,33.868900000000004,75.5915,100.5427,51.3071,96.0382,39.384,432.45529999999997,204.9328,386.6473,245.5011,447.9139,390.8583,304.6865,309.968,300.1727,300.3544,166.2561,201.387,244.4427,174.63070000000002,211.0598,232.83520000000001,125.5926,138.6716,237.8295,113.9814,568.0513000000001,498.2095,526.4954,525.3365,598.5403,458.36490000000003,510.01079999999996,512.7486,626.4378,616.6479,610.89,614.3989,656.395,96.27380000000001,116.3355,162.2979,105.0618,98.943,161.63379999999998,165.22910000000002,180.8595,129.8209,115.2493,127.36710000000001,129.8209,573.126,518.8616,557.9224,659.6706999999999,559.5591,467.7844,467.2232,497.3671,409.0908,384.0975,581.5676,666.5119,709.3898,306.4572
25,346.7856,282.1402,285.407,379.24379999999996,491.52009999999996,502.9712,447.39509999999996,513.6524000000001,251.9511,321.5942,322.4385,402.7435,404.67670000000004,259.9273,291.9409,442.0572,448.643,555.7555,208.10920000000002,238.64270000000002,275.4132,293.17990000000003,317.4142,14.4843,0,10.383,46.7365,43.794,79.0449,103.99610000000001,40.3947,99.4915,27.8937,421.54290000000003,194.0204,375.735,234.58870000000002,408.668,388.2044,293.7741,299.05559999999997,289.2603,289.442,163.6021,198.7331,241.78879999999998,178.0841,214.5131,236.2885,129.046,142.125,241.28279999999998,117.43480000000001,557.139,487.29720000000003,515.583,514.4242,587.6279000000001,447.4525,499.0984,501.8362,623.7839,613.9939,608.236,611.7449,653.741,93.6198,113.6816,159.6439,102.4079,96.289,158.9799,162.57520000000002,169.9471,118.9085,81.68780000000001,116.4547,118.9085,562.2136999999999,507.9492,512.9706,657.0168000000001,514.6072,465.1304,464.5693,494.71320000000003,406.43690000000004,381.4435,578.9136,663.858,706.7359,295.54490000000004
26,335.4298,270.7844,274.0512,367.888,480.16429999999997,491.6155,436.0394,502.29659999999996,261.325,330.9681,331.8124,412.11740000000003,399.0213,254.2719,301.3148,436.4018,437.2873,544.3996999999999,196.7535,227.2869,264.0575,281.8242,306.0584,13.603200000000001,10.383,0,36.6418,35.9282,88.4764,113.42760000000001,41.1879,108.923,32.8422,422.3361,194.8136,376.5281,235.3819,435.1652,378.1096,294.5673,299.8488,290.0535,290.2352,153.5074,188.6383,231.694,187.5156,223.9446,245.72,138.4775,151.5565,250.71429999999998,126.86630000000001,557.9321,488.0903,516.3762,515.2173,588.4211,448.2457,499.8916,502.62940000000003,613.6890999999999,603.8992,598.1413,601.6501999999999,643.6463,83.52510000000001,103.5868,149.5492,92.3131,86.1943,148.8851,152.4804,170.7403,119.7017,86.6363,117.24789999999999,119.7017,563.0068,508.74240000000003,545.1736999999999,646.922,546.8104000000001,455.0357,454.4745,484.6184,396.34209999999996,371.3488,568.8189,653.7632,696.6410999999999,296.338
27,313.0721,248.4267,251.6936,345.5303,429.2623,440.7135,385.1374,451.39459999999997,307.06190000000004,316.9467,316.6212,389.7951,462.6564,267.1642,347.0518,500.03679999999997,414.9296,522.0421,145.8515,176.3849,213.1555,230.9222,255.1564,61.806400000000004,46.7365,36.6418,0,75.8249,133.6888,158.63989999999998,44.0041,154.1354,60.6903,452.64390000000003,202.2343,432.3188,242.8026,382.9859,325.9302,338.84020000000004,323.209,315.144,314.2611,129.7662,164.8971,207.9528,232.7279,269.157,290.93240000000003,183.6898,196.7688,295.92670000000004,172.0786,588.24,541.5749000000001,569.8608,545.5251999999999,618.7289000000001,478.55359999999996,530.1994,532.9373,561.5097,551.7198000000001,545.9619,549.4708,591.4669,59.564099999999996,32.485099999999996,125.808,54.086400000000005,52.2166,96.7057,128.5194,178.1611,127.1224,108.146,124.6687,127.1224,593.3146999999999,539.0503,492.9943,594.7425999999999,494.631,436.8125,439.013,432.439,344.16270000000003,319.1694,552.5147,630.022,644.4617,340.0263
28,362.9002,298.2548,301.5216,395.3584,507.6347,519.0859,463.5098,529.7671,279.1245,348.76759999999996,349.61190000000005,429.9169,434.2901,294.67220000000003,319.1143,471.07640000000004,464.7577,571.8702,224.2239,254.7574,291.52790000000005,309.2946,333.5289,33.868900000000004,43.794,35.9282,75.8249,0,104.639,82.0412,88.9747,125.0857,68.4315,470.1229,242.60029999999998,424.3149,283.1687,461.709,404.65340000000003,342.35409999999996,347.63559999999995,337.8403,338.022,180.05110000000002,215.182,258.2377,203.6782,240.10729999999998,261.8827,154.64010000000002,167.7191,266.877,143.0289,605.7189000000001,535.8770999999999,564.1629,563.0041,636.2078,496.0325,547.6784,550.4162,640.2328,630.4429,624.685,628.1939,670.19,110.0688,130.13060000000002,176.0929,118.8568,112.738,175.4288,116.0149,218.52710000000002,167.48839999999998,144.2968,165.03470000000002,167.48839999999998,610.7936,556.5292,571.7174,673.4657,573.3541,481.5794,481.0183,511.1622,422.88579999999996,397.8925,595.3625999999999,680.3069,723.1849,344.1248
29,420.764,356.11859999999996,359.3854,453.2222,565.4986,576.9497,521.3736,587.6309,175.39020000000002,245.0333,245.8776,326.1826,330.5558,285.6431,215.38,367.34209999999996,522.6215,629.734,282.0877,312.6212,349.3917,367.15840000000003,391.3927,75.5915,79.0449,88.4764,133.6888,104.639,0,68.32860000000001,115.272,20.3298,76.2286,414.28290000000004,186.7604,362.57759999999996,325.1419,519.6677,462.612,286.5141,291.7956,282.0003,282.182,238.00979999999998,273.14070000000004,316.19640000000004,100.5123,136.9414,123.019,49.8842,56.295300000000005,163.71110000000002,39.863,549.879,447.3763,465.12,507.1642,580.3679000000001,440.1925,491.83840000000004,494.57620000000003,698.1915,688.4016,682.6437,686.1526,728.1487,168.0275,188.08929999999998,234.0516,176.8155,170.69670000000002,233.3875,236.9828,138.5778,111.1424,62.4942,112.47460000000001,111.1424,554.9536999999999,500.6892,629.6761,731.4244,631.3128,539.5381,538.977,569.1209,480.8445,455.8512,653.3213000000001,738.2656,781.1435,288.28490000000005
30,445.71520000000004,381.0698,384.3366,478.1734,590.4497,601.9009,546.3248000000001,612.582,259.8745,329.5175,330.3618,410.6669,415.0401,370.1274,299.8643,451.82640000000004,547.5726999999999,654.6850999999999,307.0389,337.5724,374.34290000000004,392.1096,416.3439,100.5427,103.99610000000001,113.42760000000001,158.63989999999998,82.0412,68.32860000000001,0,140.0295,105.70360000000001,95.82339999999999,521.1777,293.65520000000004,475.3698,334.2235,544.4250999999999,487.3695,393.4089,398.6904,388.89509999999996,389.0768,262.7673,297.89820000000003,340.95390000000003,184.2961,220.7251,130.50639999999999,135.258,72.2254,247.4949,123.6468,656.7737,531.1600999999999,548.9038,614.059,687.2627,547.0873,598.7331999999999,601.471,722.949,713.1591,707.4011999999999,710.9100999999999,752.9061999999999,192.785,212.8467,258.8091,201.573,195.4541,258.145,261.7403,269.5819,218.5433,123.9501,216.0895,218.5433,661.8484,607.584,654.4336,756.1819,656.0703000000001,564.2955999999999,563.7344,593.8783000000001,505.602,480.6087,678.0788,763.0231,805.901,395.1796
31,373.45090000000005,308.8055,312.0723,405.90909999999997,469.4737,480.9248,425.3487,491.606,288.7738,271.8053,271.47990000000004,344.6537,366.7723,222.0229,328.76370000000003,404.1528,475.3083,582.4208000000001,138.5542,216.59629999999999,177.0696,271.1335,295.3678,51.3071,40.3947,41.1879,44.0041,88.9747,115.272,140.0295,0,88.4898,33.654900000000005,384.395,156.8725,338.58709999999996,197.4408,371.5202,338.0783,256.62620000000004,261.90770000000003,252.1125,252.29420000000002,183.79270000000002,218.9236,261.9794,214.9977,251.4267,273.2021,165.9596,179.0386,278.19640000000004,154.3484,519.9911,450.1493,478.4351,477.2763,550.48,410.3047,461.9505,464.68829999999997,601.4265,591.6365999999999,585.8787,589.3876,631.3837,113.81039999999999,55.6164,179.8345,94.00319999999999,116.4796,136.6225,182.76579999999998,132.7993,81.76060000000001,62.7842,79.3069,81.76060000000001,525.0658000000001,470.8014,475.8227,543.2911,477.4594,476.72929999999997,478.9298,472.3559,384.0795,359.0862,592.4315,684.0485,684.3785,258.397
32,441.21070000000003,376.5653,379.83209999999997,473.6689,585.9452,597.3964,541.8203000000001,608.0775,187.1223,256.76529999999997,257.6096,337.91470000000004,342.28790000000004,297.3752,227.1121,379.0742,543.0681999999999,650.1806,302.5344,333.0678,369.83840000000004,387.6051,411.8393,96.0382,99.4915,108.923,154.1354,125.0857,20.3298,105.70360000000001,88.4898,0,66.2706,397.1143,169.59179999999998,351.3064,210.1601,384.23940000000005,483.5919,269.3455,274.627,264.8318,265.0135,258.9896,294.1205,337.17629999999997,112.352,148.7811,170.5565,45.6433,74.6584,175.55079999999998,51.7027,532.7104,459.216,476.9597,489.99559999999997,563.1993,423.024,474.6698,477.4076,719.1714000000001,709.3814,703.6235,707.1324000000001,749.1285,189.0073,209.0691,255.0314,197.7954,191.6765,254.3674,257.9627,118.8473,93.9738,45.3256,95.306,93.9738,537.7850999999999,483.52070000000003,488.542,556.0104,490.1787,560.5179,559.9568,590.1007,501.8244,476.831,674.3011,759.2455,802.1234000000001,271.11629999999997
33,366.36420000000004,301.7188,304.9857,398.8224,511.0988,522.5499,466.9738,533.2311,249.7304,319.3735,320.2178,400.52279999999996,398.0865,253.3371,289.72020000000003,435.467,468.2217,575.3342,227.68789999999998,258.2214,208.38379999999998,312.7586,336.9929,39.384,27.8937,32.8422,60.6903,68.4315,76.2286,95.82339999999999,33.654900000000005,66.2706,0,416.32590000000005,188.80339999999998,370.518,229.37179999999998,403.4511,407.7688,288.5571,293.8387,284.0434,284.2251,183.1665,218.29739999999998,261.3532,174.3377,210.76670000000001,232.5422,125.29960000000001,138.3786,237.5365,113.68839999999999,551.922,482.0802,510.366,509.2072,582.4109,442.2356,493.88140000000004,496.6193,643.3483,633.5583,627.8004,631.3093,673.3054000000001,113.1842,89.241,179.20829999999998,121.9723,115.8534,178.5443,182.1396,164.73020000000002,113.6915,55.309,111.23780000000001,113.6915,556.9966999999999,502.7323,507.75359999999995,575.222,509.39029999999997,484.6948,484.13370000000003,514.2776,426.0013,401.0079,598.478,683.4224,726.3003,290.3279
34,549.5941,466.4638,465.3828,582.0523000000001,415.7115,224.6352,371.5866,258.7926,377.423,272.7638,272.43829999999997,345.6121,154.64970000000002,237.0592,401.5194,189.6781,566.3634000000001,578.8599,325.3821,300.5957,229.6605,239.9775,241.2301,432.45529999999997,421.54290000000003,422.3361,452.64390000000003,470.1229,414.28290000000004,521.1777,384.395,397.1143,416.32590000000005,0,233.9841,126.3179,199.5649,87.0624,166.3106,122.983,116.1851,128.081,125.6673,489.5816,449.9341,567.7682,429.0601,475.2665,507.1708,391.9326,518.3525999999999,502.0362,477.0107,143.6625,144.10060000000001,172.38639999999998,100.9477,174.1514,39.277699999999996,132.9882,135.726,332.3213,311.9265,306.14779999999996,362.2977,362.2785,460.9371,405.0378,496.42909999999995,423.0562,426.9114,355.2516,510.1814,292.02320000000003,304.184,354.3985,308.6705,304.184,137.96370000000002,83.69930000000001,176.52020000000002,243.98870000000002,128.6723,424.2005,426.4011,419.8271,331.5508,358.45640000000003,540.043,687.4946,505.02029999999996,119.754
35,490.617,407.4867,406.4057,523.0752,356.73440000000005,368.1855,312.60940000000005,378.86670000000004,218.94,114.2808,113.95530000000001,187.12920000000003,135.46189999999999,64.4983,243.0364,184.7678,507.3863,519.8828,170.2103,145.424,88.81989999999999,181.00029999999998,182.253,204.9328,194.0204,194.8136,202.2343,242.60029999999998,186.7604,293.65520000000004,156.8725,169.59179999999998,188.80339999999998,233.9841,0,187.81789999999998,39.7428,220.751,187.3091,105.8571,111.13860000000001,101.3433,101.525,337.6058,372.7368,415.7925,269.6155,315.8219,347.7262,154.5319,243.5824,342.5917,308.1615,369.2219,299.38009999999997,327.666,326.5071,399.71090000000004,259.5355,311.1814,313.9192,489.3778,479.58790000000005,473.83,477.3389,519.335,267.62359999999995,188.5351,333.64759999999995,276.41159999999996,270.2927,198.7368,336.57890000000003,45.158699999999996,76.40010000000001,126.61460000000001,80.8866,76.40010000000001,374.29659999999996,320.0322,325.0535,392.5219,326.6902,364.5403,366.7409,360.1669,271.89059999999995,298.7962,480.3828,627.8344000000001,572.3298000000001,107.62780000000001
36,529.2689,446.1386,445.0576,561.7271,395.3863,406.8375,351.26140000000004,417.5186,233.3701,119.5912,118.4196,185.3198,29.8737,168.97529999999998,241.227,65.6373,546.0382,558.5346999999999,305.05690000000004,280.2705,202.5719,219.6523,220.9049,386.6473,375.735,376.5281,432.3188,424.3149,362.57759999999996,475.3698,338.58709999999996,351.3064,370.518,126.3179,187.81789999999998,0,146.54670000000002,183.5343,227.0756,98.626,88.90889999999999,98.1704,103.5555,468.3445,428.6971,546.5310999999999,283.2473,329.4538,361.358,311.0328,372.53990000000005,356.2235,331.1979,243.2732,101.55510000000001,130.68210000000002,200.5584,273.7621,133.58679999999998,170.95839999999998,141.3445,527.8009000000001,518.011,512.2531,515.762,557.7581,439.7,383.8007,475.192,401.8191,405.6743,334.0145,488.9443,246.2749,258.4358,308.6502,262.92220000000003,258.4358,248.34789999999998,194.0835,303.9533,371.4217,305.59,402.96340000000004,405.164,398.59,310.31370000000004,337.2193,518.8059000000001,666.2575,610.7529000000001,96.0685
37,512.2425,429.11220000000003,428.0311,544.7006,378.3598,389.811,334.23490000000004,400.4922,195.93439999999998,91.27510000000001,90.94969999999999,164.1235,88.2642,41.4927,220.03070000000002,148.5787,529.0118,541.5083000000001,242.4582,217.6718,164.4306,202.6258,203.8785,245.5011,234.58870000000002,235.3819,242.8026,283.1687,325.1419,334.2235,197.4408,210.1601,229.37179999999998,199.5649,39.7428,146.54670000000002,0,186.0551,199.6144,93.7566,90.58460000000001,87.126,87.3077,378.35040000000004,365.8127,456.537,246.708,292.9145,324.81870000000004,172.7382,336.00059999999996,319.68420000000003,294.6586,334.5256,226.58329999999998,244.327,291.8108,365.0145,224.8391,276.485,279.2228,501.68309999999997,491.8931,486.1352,489.6441,531.6401999999999,308.36809999999997,229.27970000000002,374.39209999999997,338.9347,311.0372,271.13009999999997,377.32340000000005,83.5394,117.14460000000001,167.3591,121.6311,117.14460000000001,339.6003,285.33590000000004,310.1191,377.5875,311.75579999999997,376.8456,379.04609999999997,372.4722,284.19579999999996,311.1014,492.688,640.1397,584.6351,89.3395
38,479.936,396.8057,395.7247,512.3942,218.105,167.873,163.5958,218.8158,364.54859999999996,259.8893,259.5639,332.7377,211.89839999999998,224.1848,388.6449,249.2788,496.70529999999997,509.2019,255.724,230.9376,191.056,170.3194,171.572,447.9139,408.668,435.1652,382.9859,461.709,519.6677,544.4250999999999,371.5202,384.23940000000005,403.4511,87.0624,220.751,183.5343,186.0551,0,86.8848,109.1134,102.30969999999999,114.2114,111.79769999999999,419.4985,379.8511,497.6851,415.1846,461.3911,493.2953,378.063,504.47720000000004,488.1608,463.1352,225.5153,205.4229,233.7088,182.8005,256.0042,121.1305,194.0475,196.78529999999998,275.4781,255.08339999999998,249.3046,305.4545,305.4353,390.85409999999996,334.9547,426.346,352.9731,356.8283,285.1685,440.0983,278.1535,290.31440000000003,340.5289,294.8009,290.31440000000003,180.6329,155.793,119.67710000000001,187.1455,121.3137,354.11740000000003,356.318,349.744,261.46770000000004,288.3733,342.4138,617.4116,448.1771,100.1447
39,422.8804,339.7501,338.66909999999996,455.3386,158.4839,144.4137,114.35889999999999,155.0949,408.2382,303.57890000000003,303.2534,376.4273,255.43970000000002,267.8743,432.3345,292.82009999999997,371.78909999999996,384.2856,198.6684,173.882,179.0041,113.37819999999999,114.63080000000001,390.8583,388.2044,378.1096,325.9302,404.65340000000003,462.612,487.3695,338.0783,483.5919,407.7688,166.3106,187.3091,227.0756,199.6144,86.8848,0,134.0011,116.5121,134.3588,134.0406,365.2406,325.5931,443.4272,458.8343,505.0408,624.6683,344.6822,530.5047,531.8105,505.8145,337.2277,290.5626,318.8484,294.5129,367.71659999999997,227.5412,279.1871,281.92490000000004,266.6929,256.9029,251.145,254.6539,296.65,336.5961,280.6968,372.0881,298.71520000000004,302.5704,230.91060000000002,385.84040000000005,244.77270000000001,256.9336,307.1481,261.4201,256.9336,287.5493,239.585,180.4661,247.9345,182.1028,233.6619,235.8624,229.2885,141.0122,167.013,277.3852,496.956,349.6449,110.7298
40,435.7903,352.6601,351.579,468.2485,301.90770000000003,313.3589,257.7828,324.04,279.64029999999997,174.981,174.6556,247.8294,126.99010000000001,139.2765,303.73659999999995,164.3705,452.5597,465.0562,211.57829999999998,186.7919,109.7037,126.1737,127.4264,304.6865,293.7741,294.5673,338.84020000000004,342.35409999999996,286.5141,393.4089,256.62620000000004,269.3455,288.5571,122.983,105.8571,98.626,93.7566,109.1134,134.0011,0,9.4251,6.2928999999999995,4.647399999999999,374.8043,335.1569,452.991,332.5956,378.802,410.7063,262.8255,421.88809999999995,405.5717,380.5462,257.4783,210.81320000000002,239.099,214.7635,287.9672,147.7918,199.4377,202.1755,434.26079999999996,424.47090000000003,418.71290000000005,422.2219,464.21790000000004,346.15990000000005,290.2605,381.6518,308.279,312.1342,240.4744,395.4042,162.916,175.0769,225.29129999999998,179.5633,175.0769,262.553,208.2885,213.3098,280.7783,214.9465,309.4233,311.62379999999996,305.04990000000004,216.77360000000002,243.6792,425.2658,572.7174,517.2128,3.4784
41,446.43190000000004,363.30170000000004,362.2206,478.89009999999996,312.5493,324.0005,268.42440000000005,334.6816,269.9232,165.2639,164.9384,238.11229999999998,117.27289999999999,129.55939999999998,294.0195,154.6534,463.2013,475.6978,195.9471,171.16070000000002,117.9195,136.81529999999998,138.068,309.968,299.05559999999997,299.8488,323.209,347.63559999999995,291.7956,398.6904,261.90770000000003,274.627,293.8387,116.1851,111.13860000000001,88.90889999999999,90.58460000000001,102.30969999999999,116.5121,9.4251,0,10.6214,10.6616,358.4628,318.8154,436.6495,320.7902,366.99670000000003,398.90090000000004,268.70709999999997,410.08279999999996,393.76640000000003,368.7408,251.8441,205.1791,233.4649,209.1293,282.3331,142.1577,193.80360000000002,196.54139999999998,442.8076,433.0177,344.94140000000004,430.7687,472.7648,329.8184,273.919,365.3103,291.9375,295.7927,224.1329,379.0627,168.79760000000002,180.9585,231.173,185.445,180.9585,256.9188,202.65439999999998,215.3138,282.7822,216.9505,317.9701,320.1706,313.5967,225.3204,252.226,433.8126,581.2642,525.7596,7.447
42,436.148,353.0177,351.93670000000003,468.6062,302.26529999999997,313.7165,258.1404,324.3977,279.3329,174.6736,174.34820000000002,247.522,126.53439999999999,138.9691,303.42920000000004,163.9149,452.9173,465.4138,187.8821,163.0958,109.8545,126.5313,127.784,300.1727,289.2603,290.0535,315.144,337.8403,282.0003,388.89509999999996,252.1125,264.8318,284.0434,128.081,101.3433,98.1704,87.126,114.2114,134.3588,6.2928999999999995,10.6214,0,3.179,352.15290000000005,312.5054,430.3395,329.652,375.8585,407.7627,259.7544,418.9446,402.6282,377.6026,261.0692,214.4041,242.69,218.3544,291.55809999999997,151.38279999999997,203.0286,205.7665,441.6495,431.8596,426.1017,429.6106,471.6067,323.50840000000005,267.60909999999996,359.0003,285.6275,289.4827,217.8229,372.7527,159.8449,172.0058,222.22029999999998,176.4923,172.0058,266.14390000000003,211.8795,217.30120000000002,284.7697,218.93789999999998,316.8121,319.01259999999996,312.43859999999995,224.1623,251.06789999999998,432.6545,580.1062,524.6016,7.1778
43,435.8298,352.6995,351.6184,468.28790000000004,301.9471,313.3983,257.8222,324.0795,278.0013,173.342,173.0165,246.19039999999998,131.9195,137.63739999999999,302.0976,169.3,452.59909999999996,465.0956,186.9992,162.2129,108.9717,126.21310000000001,127.4658,300.3544,289.442,290.2352,314.2611,338.022,282.182,389.0768,252.29420000000002,265.0135,284.2251,125.6673,101.525,103.5555,87.3077,111.79769999999999,134.0406,4.647399999999999,10.6616,3.179,0,349.6651,310.01759999999996,427.8517,335.43859999999995,381.64509999999996,413.54940000000005,259.0179,424.7312,408.4148,383.3893,260.4687,213.80370000000002,242.0895,217.7539,290.9577,150.7823,202.4282,205.166,434.0098,424.2199,418.462,421.97090000000003,463.967,321.0206,265.12129999999996,356.51259999999996,283.1397,286.99490000000003,215.3351,370.2649,159.1084,171.2693,221.4838,175.7558,171.2693,265.5434,211.279,216.3003,283.7687,217.937,309.1723,311.3729,304.7989,216.5226,243.4282,425.0148,572.4664,516.9618,7.1291
44,198.46529999999998,133.8199,137.0867,230.9235,463.3145,474.76559999999995,419.1896,485.4468,411.5116,481.1547,481.999,562.304,496.7085,403.2561,451.50140000000005,534.089,300.3227,407.4352,179.9036,210.43710000000002,247.2076,264.97429999999997,289.2086,166.2561,163.6021,153.5074,129.7662,180.05110000000002,238.00979999999998,262.7673,183.79270000000002,258.9896,183.1665,489.5816,337.6058,468.3445,378.35040000000004,419.4985,365.2406,374.8043,358.4628,352.15290000000005,349.6651,0,51.2845,70.24239999999999,336.24559999999997,372.67470000000003,394.45009999999996,287.2075,300.2865,399.44440000000003,275.5963,624.0598,577.3947,605.6805,581.345,654.5486999999999,514.3733,566.0192,568.757,597.3295,587.5395,581.7816,585.2905,627.2866,95.0942,127.883,31.5244,74.3675,77.5528,132.5255,118.54960000000001,319.4457,268.40709999999996,249.4306,265.9533,268.40709999999996,629.1344,574.87,528.814,630.5624,530.4507,318.8072,318.246,326.7763,379.9825,261.5317,432.59040000000005,517.5347,555.8298000000001,375.8461
45,164.8843,100.2389,103.50569999999999,197.3424,415.135,435.1182,379.5421,445.79940000000005,446.6425,516.2855999999999,517.1299,597.435,457.06109999999995,438.3871,486.6324,494.4416,266.74170000000004,373.8542,140.2562,170.7897,207.5602,210.12820000000002,211.0323,201.387,198.7331,188.6383,164.8971,215.182,273.14070000000004,297.89820000000003,218.9236,294.1205,218.29739999999998,449.9341,372.7368,428.6971,365.8127,379.8511,325.5931,335.1569,318.8154,312.5054,310.01759999999996,51.2845,0,59.7766,372.2405,408.6696,430.445,323.2024,336.2814,435.4393,311.5912,583.4735,536.8084,565.0942,540.7587,613.9624,473.787,525.4329,528.1706999999999,556.7432,546.9531999999999,541.1953000000001,544.7041999999999,586.7003000000001,131.0891,163.87789999999998,78.326,110.3624,113.54769999999999,94.48819999999999,154.5445,355.44059999999996,304.402,285.4256,301.9482,304.402,588.5481,534.2837,488.2277,589.9761,489.86440000000005,284.2338,283.6727,292.2029,209.99110000000002,160.1997,398.017,482.9614,521.2565,335.2598
46,110.7198,91.4715,94.73830000000001,188.5751,406.3677,491.02979999999997,497.37620000000004,462.878,489.6982,559.3413,560.1856,640.4907,574.8951999999999,481.4428,529.6881,612.2755999999999,257.9744,365.0868,258.0903,288.62379999999996,325.3943,343.161,322.4353,244.4427,241.78879999999998,231.694,207.9528,258.2377,316.19640000000004,340.95390000000003,261.9794,337.17629999999997,261.3532,567.7682,415.7925,546.5310999999999,456.537,497.6851,443.4272,452.991,436.6495,430.3395,427.8517,70.24239999999999,59.7766,0,415.1204,451.54940000000005,473.3248,366.0823,379.1613,478.3192,354.4711,702.9345,656.2694,684.5553000000001,660.2197,733.4235,593.2481,644.894,647.6318,596.035,586.2451,580.4871999999999,583.9961,625.9921999999999,173.969,206.7577,85.3395,153.24220000000003,156.4275,211.4002,197.4244,398.3205,347.2818,328.3054,344.82809999999995,347.2818,708.0092,653.7448,607.6888,629.2679,609.3255,274.3341,273.77290000000005,282.3031,266.84990000000005,217.0585,388.1172,473.0616,511.3567,454.7208
47,519.8032000000001,455.1578,458.4246,552.2614,664.5377,675.9889000000001,620.4128000000001,686.6700999999999,84.3476,167.7018,168.5461,248.8512,253.2244,208.3117,124.33739999999999,290.0107,621.6606999999999,728.7731,381.12690000000003,411.66040000000004,448.4309,466.19759999999997,490.43190000000004,174.63070000000002,178.0841,187.5156,232.7279,203.6782,100.5123,184.2961,214.9977,112.352,174.3377,429.0601,269.6155,283.2473,246.708,415.1846,458.8343,332.5956,320.7902,329.652,335.43859999999995,336.24559999999997,372.2405,415.1204,0,46.105,81.3793,73.1644,113.5215,72.87469999999999,72.1795,565.2601999999999,370.40990000000005,388.1535,522.5454,595.7491,455.57370000000003,507.21959999999996,509.9574,797.8635,788.0735999999999,782.3157,785.8246,827.8206,267.6995,287.76120000000003,333.7235,276.4875,270.36859999999996,333.0595,336.65479999999997,174.96779999999998,171.9058,158.0186,173.2379,171.9058,570.3349000000001,516.0705,537.2086999999999,604.6771,538.8454,639.2101,638.6489,668.7928,580.5165,555.5232,752.9933000000001,837.9376,880.8155,329.32390000000004
48,556.2321999999999,491.5868,494.8537,588.6904000000001,700.9668,712.4179,656.8418,723.0991,66.3594,213.9083,214.7526,172.4847,299.4308,254.5181,80.81230000000001,336.21709999999996,658.0897,765.2022,417.5559,448.0894,484.85990000000004,502.6266,526.8609,211.0598,214.5131,223.9446,269.157,240.10729999999998,136.9414,220.7251,251.4267,148.7811,210.76670000000001,475.2665,315.8219,329.4538,292.9145,461.3911,505.0408,378.802,366.99670000000003,375.8585,381.64509999999996,372.67470000000003,408.6696,451.54940000000005,46.105,0,99.09060000000001,108.79339999999999,149.1505,29.807299999999998,107.80860000000001,612.0669,417.21659999999997,434.9602,569.3521,642.5558000000001,502.3804,554.0263,556.7641,833.4925999999999,823.7026,817.9446999999999,821.4535999999999,863.4497,303.3285,323.39029999999997,369.3526,312.11659999999995,305.9977,368.68859999999995,372.2839,210.5969,207.5348,193.64770000000001,208.867,207.5348,617.1415,562.8770999999999,584.0154,651.4838000000001,585.6521,674.8391,674.278,704.4219,616.1456,591.1522,788.6223,873.5667,916.4445999999999,376.1305
49,578.0077,513.3623,516.6291,610.4659,722.7421999999999,734.1933,678.6171999999999,744.8745,149.5463,245.8126,246.6569,326.9619,331.33509999999995,286.42240000000004,179.0662,368.12140000000005,679.8651,786.9775999999999,439.3313,469.8648,506.6353,524.402,548.6363,232.83520000000001,236.2885,245.72,290.93240000000003,261.8827,123.019,130.50639999999999,273.2021,170.5565,232.5422,507.1708,347.7262,361.358,324.81870000000004,493.2953,624.6683,410.7063,398.90090000000004,407.7627,413.54940000000005,394.45009999999996,430.445,473.3248,81.3793,99.09060000000001,0,141.696,67.084,69.95339999999999,109.57119999999999,642.6715,447.82120000000003,465.5648,599.9567,673.1604,532.985,584.6309,587.3687,855.6605,845.8706,840.1125999999999,843.6216,885.6175999999999,325.4965,345.5582,391.5205,334.2845,328.1656,390.8565,394.4518,241.1096,240.4374,215.81560000000002,241.7695,240.4374,647.7461999999999,593.4816999999999,614.62,682.0884,616.2566999999999,697.0070999999999,696.4459,726.5898000000001,638.3135,613.3202,810.7901999999999,895.7346,938.6125,406.7351
50,470.76509999999996,406.1197,409.3865,503.2233,615.4996,626.9508000000001,571.3747,637.632,116.97439999999999,195.48729999999998,196.3316,276.6367,281.0099,236.0971,186.984,317.7962,572.6225999999999,679.735,332.0888,362.6223,202.426,417.1595,441.3938,125.5926,129.046,138.4775,183.6898,154.64010000000002,49.8842,135.258,165.9596,45.6433,125.29960000000001,391.9326,154.5319,311.0328,172.7382,378.063,344.6822,262.8255,268.70709999999997,259.7544,259.0179,287.2075,323.2024,366.0823,73.1644,108.79339999999999,141.696,0,79.80160000000001,145.8353,34.5756,527.1877,398.213,415.9567,484.47290000000004,557.6767,417.5013,469.1472,471.885,590.9072,581.1173,575.3594,578.8683000000001,620.8644,218.4744,238.5361,284.4984,227.26239999999999,221.1435,283.8344,287.4297,109.41510000000001,101.8461,69.4482,103.1782,101.8461,532.2624000000001,477.998,483.0193,550.4876999999999,484.656,589.985,589.4238,461.8366,373.5602,348.56690000000003,703.7681,788.7125,673.8593000000001,265.5936
51,483.84409999999997,419.19870000000003,422.4655,516.3023,628.5785999999999,640.0298,584.4536999999999,650.711,187.35129999999998,256.9944,257.8387,338.1438,342.5169,297.6042,227.3411,379.3033,585.7016,692.814,345.1678,375.7013,412.4718,430.2385,454.4728,138.6716,142.125,151.5565,196.7688,167.7191,56.295300000000005,72.2254,179.0386,74.6584,138.3786,518.3525999999999,243.5824,372.53990000000005,336.00059999999996,504.47720000000004,530.5047,421.88809999999995,410.08279999999996,418.9446,424.7312,300.2865,336.2814,379.1613,113.5215,149.1505,67.084,79.80160000000001,0,175.47310000000002,42.8366,653.9887,459.13840000000005,476.882,611.2739,684.4775999999999,544.3022,595.9481,598.6859000000001,761.4849,751.695,745.9371,749.446,791.4421,231.3209,251.3826,297.345,240.1089,233.9901,296.6809,300.2762,187.1384,167.8575,119.2093,169.18970000000002,167.8575,659.0633,604.7989,625.9372,794.7178,627.5739,602.8315,602.2703,632.4141999999999,544.1379000000001,519.1446,716.6147,801.559,844.4369,418.0523
52,583.002,518.3566,521.6234000000001,615.4602,727.7365,739.1876,683.6115,749.8688000000001,107.5317,240.678,241.5223,201.4553,326.20059999999995,281.2878,109.7829,362.98690000000005,684.8594,791.9719,444.32559999999995,474.85909999999996,511.6296,529.3963,553.6306,237.8295,241.28279999999998,250.71429999999998,295.92670000000004,266.877,163.71110000000002,247.4949,278.19640000000004,175.55079999999998,237.5365,502.0362,342.5917,356.2235,319.68420000000003,488.1608,531.8105,405.5717,393.76640000000003,402.6282,408.4148,399.44440000000003,435.4393,478.3192,72.87469999999999,29.807299999999998,69.95339999999999,145.8353,175.47310000000002,0,134.9906,639.2488000000001,444.3985,462.1422,596.534,669.7376999999999,529.5624,581.2083,583.9461,860.6745,850.8846,845.1266999999999,848.6356,890.6316999999999,330.5105,350.5723,396.53459999999995,339.2985,333.1797,395.8705,399.4658,237.7789,234.71679999999998,220.8297,236.049,234.71679999999998,644.3235,590.0591,611.1973,678.6658,612.834,702.0210999999999,701.46,731.6039000000001,643.3275,618.3342,815.8043,900.7486,943.6265999999999,403.3125
53,459.1539,394.5085,397.7753,491.6121,603.8884,615.3396,559.7635,626.0206999999999,146.0094,215.6525,216.49679999999998,296.8018,301.175,256.2623,185.9992,337.9613,561.0114,668.1238000000001,320.4776,351.0111,387.78159999999997,405.5483,429.7826,113.9814,117.43480000000001,126.86630000000001,172.0786,143.0289,39.863,123.6468,154.3484,51.7027,113.68839999999999,477.0107,308.1615,331.1979,294.6586,463.1352,505.8145,380.5462,368.7408,377.6026,383.3893,275.5963,311.5912,354.4711,72.1795,107.80860000000001,109.57119999999999,34.5756,42.8366,134.9906,0,612.8408000000001,417.9905,435.7342,570.126,643.3297,503.1544,554.8001999999999,557.538,736.1791999999999,726.3893,720.6314,724.1403,766.1364,206.01520000000002,226.077,272.03929999999997,214.8032,208.68439999999998,271.3752,274.9705,143.067,144.98260000000002,96.33439999999999,146.3148,144.98260000000002,617.9155,563.6510999999999,584.7893,769.4121,586.426,577.5258,576.9647,607.1085,518.8322000000001,493.8389,691.309,776.2533000000001,819.1311999999999,376.9045
54,685.1902,602.0599,600.9789000000001,717.6484,551.3076,347.21009999999995,507.1826,373.74920000000003,513.0191,408.3598,408.0344,481.20820000000003,273.2669,372.6553,537.1154,235.09779999999998,701.9595,714.456,460.9781,436.1918,365.2565,375.5735,376.82620000000003,568.0513000000001,557.139,557.9321,588.24,605.7189000000001,549.879,656.7737,519.9911,532.7104,551.922,143.6625,369.2219,243.2732,334.5256,225.5153,337.2277,257.4783,251.8441,261.0692,260.4687,624.0598,583.4735,702.9345,565.2601999999999,612.0669,642.6715,527.1877,653.9887,639.2488000000001,612.8408000000001,0,136.2535,150.6694,44.2344,32.9411,112.7845,92.9812,95.4252,407.2212,386.82640000000004,381.0476,437.1975,437.1783,596.8597,540.9604,632.3516,558.9788000000001,562.834,491.1742,646.104,427.9457,440.10659999999996,490.3211,444.5931,440.10659999999996,99.6581,95.5072,241.8816,318.8885,194.86360000000002,560.1231,562.3236999999999,555.7497,467.4734,494.379,530.5246999999999,823.4172,579.9201999999999,255.6766
55,638.5251,555.3948,554.3138,670.9833000000001,504.6425,516.0935999999999,460.5175,526.7748,318.1688,204.38989999999998,203.2183,232.1262,137.4987,201.17860000000002,326.0258,101.8852,655.2944,667.7909000000001,414.313,389.5267,318.5914,328.90840000000003,330.1611,498.2095,487.29720000000003,488.0903,541.5749000000001,535.8770999999999,447.3763,531.1600999999999,450.1493,459.216,482.0802,144.10060000000001,299.38009999999997,101.55510000000001,226.58329999999998,205.4229,290.5626,210.81320000000002,205.1791,214.4041,213.80370000000002,577.3947,536.8084,656.2694,370.40990000000005,417.21659999999997,447.82120000000003,398.213,459.13840000000005,444.3985,417.9905,136.2535,0,28.9313,125.388,175.0826,106.0484,45.1481,42.3033,470.3342,449.9395,444.1607,500.31059999999997,500.2914,550.0811,494.1818,585.5731,512.2002,516.0554000000001,444.3956,599.3254000000001,357.9999,370.1608,420.3753,374.6473,370.1608,209.6227,167.0604,314.5331,382.0016,255.0865,513.3445,515.5450999999999,508.9711,420.6948,447.60040000000004,629.187,776.6386,721.134,208.898
56,666.8109000000001,583.6806,582.5996,699.2691,532.9283,544.3795,488.8034,555.0606,335.91240000000005,222.1335,220.962,249.8699,155.2423,218.9222,343.7694,119.62889999999999,683.5802,696.0767,442.5989,417.8125,346.8773,357.1943,358.4469,526.4954,515.583,516.3762,569.8608,564.1629,465.12,548.9038,478.4351,476.9597,510.366,172.38639999999998,327.666,130.68210000000002,244.327,233.7088,318.8484,239.099,233.4649,242.69,242.0895,605.6805,565.0942,684.5553000000001,388.1535,434.9602,465.5648,415.9567,476.882,462.1422,435.7342,150.6694,28.9313,0,138.0733,189.3685,134.35729999999998,60.1155,56.968300000000006,515.7266,495.3318,489.5531,545.7029,545.6838,595.4735,539.5741999999999,630.9654,557.5926,561.4478,489.788,644.7178,386.30879999999996,398.46959999999996,448.6841,402.9561,398.46959999999996,222.308,188.4872,359.9255,427.39390000000003,283.1628,558.7369,560.9375,554.3635,466.0872,492.9928,674.5794000000001,822.031,766.5264,254.2904
57,642.4754,559.3451,558.2641,674.9336,508.5928,312.2517,464.4678,338.7909,470.3043,365.645,365.3196,438.4934,230.5521,329.9405,494.4006,228.9835,659.2447,671.7411999999999,418.2633,393.477,322.5417,332.8587,334.1114,525.3365,514.4242,515.2173,545.5251999999999,563.0041,507.1642,614.059,477.2763,489.99559999999997,509.2072,100.9477,326.5071,200.5584,291.8108,182.8005,294.5129,214.7635,209.1293,218.3544,217.7539,581.345,540.7587,660.2197,522.5454,569.3521,599.9567,484.47290000000004,611.2739,596.534,570.126,44.2344,125.388,138.0733,0,80.8637,69.4962,80.7881,83.5259,372.1556,351.76090000000005,345.9821,402.132,402.1128,553.5714,497.6721,589.0634,515.6905,519.5457,447.88590000000005,602.8157,384.6575,396.81829999999997,447.0328,401.3048,396.81829999999997,85.56230000000001,52.218900000000005,206.8161,283.823,159.798,516.8348,519.0354,512.4614,424.1851,451.0907,632.6773000000001,780.1289,544.8546,212.3883
58,715.6791,632.5488,631.4678,748.1373000000001,581.7965,358.6491,537.6715,385.1882,543.508,438.8488,438.5233,511.6971,303.75579999999997,403.1442,567.6043000000001,302.1872,732.4484,744.9449000000001,491.467,466.6807,395.7454,406.0624,407.3151,598.5403,587.6279000000001,588.4211,618.7289000000001,636.2078,580.3679000000001,687.2627,550.48,563.1993,582.4109,174.1514,399.71090000000004,273.7621,365.0145,256.0042,367.71659999999997,287.9672,282.3331,291.55809999999997,290.9577,654.5486999999999,613.9624,733.4235,595.7491,642.5558000000001,673.1604,557.6767,684.4775999999999,669.7376999999999,643.3297,32.9411,175.0826,189.3685,80.8637,0,143.1828,133.4869,135.9309,419.1419,398.7471,392.96840000000003,449.1182,449.09909999999996,627.258,571.3586,662.7499,589.3770999999999,593.2323,521.5724,676.5023,458.344,470.5049,520.7193,474.99129999999997,470.5049,91.8955,113.2957,253.8024,330.80920000000003,206.7843,590.5214,592.7219,586.148,497.8716,524.7772,542.4455,853.8155,591.8409,286.0749
59,575.5037,492.3735,491.29240000000004,607.9619,441.62109999999996,453.0723,397.4962,463.7534,403.33259999999996,298.6734,298.34790000000004,371.5218,163.5804,262.9688,427.429,161.05,592.2731,604.7696,351.2917,326.5053,255.5701,265.8871,267.1398,458.36490000000003,447.4525,448.2457,478.55359999999996,496.0325,440.1925,547.0873,410.3047,423.024,442.2356,39.277699999999996,259.5355,133.58679999999998,224.8391,121.1305,227.5412,147.7918,142.1577,151.38279999999997,150.7823,514.3733,473.787,593.2481,455.57370000000003,502.3804,532.985,417.5013,544.3022,529.5624,503.1544,112.7845,106.0484,134.35729999999998,69.4962,143.1828,0,94.98360000000001,97.72139999999999,357.88620000000003,337.4914,331.71259999999995,387.8625,387.8433,486.23720000000003,430.3378,521.7291,448.3562,452.2114,380.55159999999995,535.4815,317.3232,329.484,379.6985,333.9705,329.484,116.13,61.8656,192.54670000000002,269.5535,148.5556,449.50059999999996,451.7011,445.1271,356.8508,383.75640000000004,565.343,712.7946999999999,530.5852,145.0541
60,627.1496,544.0193,542.9383,659.6078,493.267,504.7182,449.14209999999997,515.3993,454.9785,350.3193,349.99379999999996,274.7604,180.1329,314.6147,368.66,144.5195,643.9189,656.4154,402.9375,378.1512,307.216,317.533,318.7856,510.01079999999996,499.0984,499.8916,530.1994,547.6784,491.83840000000004,598.7331999999999,461.9505,474.6698,493.88140000000004,132.9882,311.1814,170.95839999999998,276.485,194.0475,279.1871,199.4377,193.80360000000002,203.0286,202.4282,566.0192,525.4329,644.894,507.21959999999996,554.0263,584.6309,469.1472,595.9481,581.2083,554.8001999999999,92.9812,45.1481,60.1155,80.7881,133.4869,94.98360000000001,0,4.4286,457.98940000000005,437.5947,431.8159,487.9658,487.9466,537.7364,481.837,573.2283,499.85540000000003,503.7106,432.0508,586.9807,368.8224,380.9832,431.1977,385.4697,380.9832,164.8833,131.0625,302.1884,369.6568,225.4257,500.9998,503.20029999999997,496.6263,408.35,435.25559999999996,616.8421999999999,764.2939,708.7893,196.5532
61,629.8874000000001,546.7570999999999,545.6761,662.3456,496.0048,507.456,451.8799,518.1371,457.7163,244.17929999999998,243.00779999999997,271.9156,177.28810000000001,317.3525,365.8152,141.6747,646.6567,659.1532,405.6754,380.889,309.9538,320.2708,321.52340000000004,512.7486,501.8362,502.62940000000003,532.9373,550.4162,494.57620000000003,601.471,464.68829999999997,477.4076,496.6193,135.726,313.9192,141.3445,279.2228,196.78529999999998,281.92490000000004,202.1755,196.54139999999998,205.7665,205.166,568.757,528.1706999999999,647.6318,509.9574,556.7641,587.3687,471.885,598.6859000000001,583.9461,557.538,95.4252,42.3033,56.968300000000006,83.5259,135.9309,97.72139999999999,4.4286,0,460.79859999999996,440.4038,434.6251,490.775,490.75579999999997,540.5455,484.6462,576.0375,502.66459999999995,506.5198,434.86,589.7898,371.6316,383.79240000000004,434.00690000000003,388.2789,383.79240000000004,167.6925,133.8717,304.9975,372.46590000000003,228.23479999999998,503.80890000000005,506.0095,499.4355,411.1592,438.0648,619.6514,767.103,711.5984,199.3624
62,586.8518,503.15270000000004,500.8872,547.9457,186.3476,141.72379999999998,188.39079999999998,137.3508,708.9635,604.3041999999999,603.9787,677.1526,556.165,568.5997,733.0598,593.5454,473.7063,486.20279999999997,434.2478,409.4615,414.5836,348.9577,350.21029999999996,626.4378,623.7839,613.6890999999999,561.5097,640.2328,698.1915,722.949,601.4265,719.1714000000001,643.3483,332.3213,489.3778,527.8009000000001,501.68309999999997,275.4781,266.6929,434.26079999999996,442.8076,441.6495,434.0098,597.3295,556.7432,596.035,797.8635,833.4925999999999,855.6605,590.9072,761.4849,860.6745,736.1791999999999,407.2212,470.3342,515.7266,372.1556,419.1419,357.88620000000003,457.98940000000005,460.79859999999996,0,11.8695,17.0587,63.1278,41.8588,569.692,513.7926,605.1839,531.8111,535.6663000000001,464.0065,618.9363000000001,549.7953,491.3123,540.9773,490.6816,491.3123,306.3793,309.52340000000004,146.2575,79.8836,200.9328,322.5779,333.59479999999996,327.0208,303.49159999999995,355.0597,303.7585,373.665,184.60070000000002,438.1158
63,577.0618000000001,493.3627,491.0972,538.1558,176.5577,131.9339,178.6009,127.5608,699.1735,594.5143,594.1888,667.3626999999999,546.3751,558.8096999999999,723.2699,583.7555,463.9163,476.41290000000004,424.4579,399.67159999999996,404.79359999999997,339.1677,340.42040000000003,616.6479,613.9939,603.8992,551.7198000000001,630.4429,688.4016,713.1591,591.6365999999999,709.3814,633.5583,311.9265,479.58790000000005,518.011,491.8931,255.08339999999998,256.9029,424.47090000000003,433.0177,431.8596,424.2199,587.5395,546.9531999999999,586.2451,788.0735999999999,823.7026,845.8706,581.1173,751.695,850.8846,726.3893,386.82640000000004,449.9395,495.3318,351.76090000000005,398.7471,337.4914,437.5947,440.4038,11.8695,0,6.7301,59.0882,48.6683,559.8927,503.9933,595.3846,522.0117,525.8669,454.20709999999997,609.1369,539.996,481.513,531.1779,480.8823,481.513,298.5107,301.65479999999997,138.389,72.015,193.06429999999997,312.7785,323.79540000000003,317.2215,293.6922,345.2603,293.9592,380.4745,191.4101,428.3165
64,571.3039,487.6048,485.3393,532.3979,170.79979999999998,126.176,172.843,121.8029,693.4155999999999,588.7564,588.4309000000001,661.6048000000001,540.6170999999999,553.0518000000001,717.512,577.9975999999999,458.15840000000003,470.6549,418.7,393.9136,399.0357,333.40979999999996,334.6625,610.89,608.236,598.1413,545.9619,624.685,682.6437,707.4011999999999,585.8787,703.6235,627.8004,306.14779999999996,473.83,512.2531,486.1352,249.3046,251.145,418.71290000000005,344.94140000000004,426.1017,418.462,581.7816,541.1953000000001,580.4871999999999,782.3157,817.9446999999999,840.1125999999999,575.3594,745.9371,845.1266999999999,720.6314,381.0476,444.1607,489.5531,345.9821,392.96840000000003,331.71259999999995,431.8159,434.6251,17.0587,6.7301,0,59.932900000000004,60.4167,554.0699000000001,498.1705,589.5618000000001,516.1889,520.0441,448.3843,603.3141999999999,534.1732,475.6902,525.3551,475.0595,475.6902,292.0635,295.2075,131.94170000000003,65.5678,186.617,306.9558,317.97270000000003,311.3987,287.86940000000004,339.4376,288.13640000000004,392.22290000000004,203.1586,339.9047
65,574.8128,491.1137,488.8482,535.9068000000001,174.30870000000002,129.6849,176.3519,125.3118,696.9245,592.2653,591.9398,665.1137,544.1261,556.5607,721.0209,581.5065,461.6673,262.613,422.2089,397.4226,402.5446,336.9187,338.1714,614.3989,611.7449,601.6501999999999,549.4708,628.1939,686.1526,710.9100999999999,589.3876,707.1324000000001,631.3093,362.2977,477.3389,515.762,489.6441,305.4545,254.6539,422.2219,430.7687,429.6106,421.97090000000003,585.2905,544.7041999999999,583.9961,785.8246,821.4535999999999,843.6216,578.8683000000001,749.446,848.6356,724.1403,437.1975,500.31059999999997,545.7029,402.132,449.1182,387.8625,487.9658,490.775,63.1278,59.0882,59.932900000000004,0,74.6703,545.8595,489.9602,581.3515,507.9786,511.8338,440.174,595.1038000000001,525.9629,467.47990000000004,517.1448,466.84909999999996,467.47990000000004,346.98220000000003,350.12620000000004,186.8604,120.48639999999999,241.53570000000002,298.7454,309.7623,303.1884,279.65909999999997,331.22720000000004,159.05679999999998,332.8948,138.9624,414.2833
66,616.8089,533.1098000000001,530.8443000000001,577.9029,216.30470000000003,171.681,218.348,167.3079,738.9205999999999,634.2614,633.9359000000001,707.1097,586.1220999999999,598.5568000000001,763.017,623.5026,503.6634,516.1599,464.205,439.41859999999997,444.5407,378.9148,380.1675,656.395,653.741,643.6463,591.4669,670.19,728.1487,752.9061999999999,631.3837,749.1285,673.3054000000001,362.2785,519.335,557.7581,531.6401999999999,305.4353,296.65,464.21790000000004,472.7648,471.6067,463.967,627.2866,586.7003000000001,625.9921999999999,827.8206,863.4497,885.6175999999999,620.8644,791.4421,890.6316999999999,766.1364,437.1783,500.2914,545.6838,402.1128,449.09909999999996,387.8433,487.9466,490.75579999999997,41.8588,48.6683,60.4167,74.6703,0,599.4646,543.5652,634.9565,561.5835999999999,565.4388,493.779,648.7089,579.5679,521.0849000000001,570.7499,520.4542,521.0849000000001,350.8531,353.9971,190.73129999999998,124.3574,245.4066,352.3505,363.36740000000003,356.7934,333.2641,384.8323,233.52470000000002,351.2933,162.229,467.88840000000005
67,278.6518,214.00639999999999,217.2732,311.11,434.6701,446.1212,390.5451,456.80240000000003,341.5293,411.17240000000004,412.0167,492.3218,468.0641,333.2739,381.5191,505.4446,380.5092,487.62170000000003,151.25920000000002,181.79270000000002,218.56320000000002,236.32989999999998,260.5642,96.27380000000001,93.6198,83.52510000000001,59.564099999999996,110.0688,168.0275,192.785,113.81039999999999,189.0073,113.1842,460.9371,267.62359999999995,439.7,308.36809999999997,390.85409999999996,336.5961,346.15990000000005,329.8184,323.50840000000005,321.0206,95.0942,131.0891,173.969,267.6995,303.3285,325.4965,218.4744,231.3209,330.5105,206.01520000000002,596.8597,550.0811,595.4735,553.5714,627.258,486.23720000000003,537.7364,540.5455,569.692,559.8927,554.0699000000001,545.8595,599.4646,0,58.5683,75.83019999999999,35.676199999999994,29.5574,103.8665,69.489,250.35070000000002,199.312,180.3356,196.85829999999999,199.312,600.4755,546.2111,500.1551,601.9034,501.79179999999997,398.5615,398.0004,406.5306,351.3235,326.3302,512.3447,597.289,651.6225999999999,347.1871
68,311.4405,246.79510000000002,250.062,343.8987,378.77070000000003,390.2219,334.6458,400.903,361.5911,303.96790000000004,303.6424,376.8163,412.16470000000004,254.1854,401.58090000000004,449.5452,413.298,520.4105,95.3598,125.8933,162.66379999999998,180.4305,204.66479999999999,116.3355,113.6816,103.5868,32.485099999999996,130.13060000000002,188.08929999999998,212.8467,55.6164,209.0691,89.241,405.0378,188.5351,383.8007,229.27970000000002,334.9547,280.6968,290.2605,273.919,267.60909999999996,265.12129999999996,127.883,163.87789999999998,206.7577,287.76120000000003,323.39029999999997,345.5582,238.5361,251.3826,350.5723,226.077,540.9604,494.1818,539.5741999999999,497.6721,571.3586,430.3378,481.837,484.6462,513.7926,503.9933,498.1705,489.9602,543.5652,58.5683,0,123.8863,53.7136,53.6443,54.334,126.5977,164.9613,113.92269999999999,113.8117,111.46889999999999,113.92269999999999,543.9267,489.6623,443.6063,545.3546,445.243,387.42440000000005,389.625,383.051,294.7747,269.7814,503.1267,628.1003000000001,595.0736999999999,290.6383
69,227.5172,162.87179999999998,166.1386,259.9754,470.162,481.6131,426.037,492.29429999999996,407.5534,477.1965,478.0408,558.3458,503.556,399.2979,447.5432,540.9365,329.3746,436.4871,186.7511,217.2846,254.0551,271.8218,296.05609999999996,162.2979,159.6439,149.5492,125.808,176.0929,234.0516,258.8091,179.8345,255.0314,179.20829999999998,496.42909999999995,333.64759999999995,475.192,374.39209999999997,426.346,372.0881,381.6518,365.3103,359.0003,356.51259999999996,31.5244,78.326,85.3395,333.7235,369.3526,391.5205,284.4984,297.345,396.53459999999995,272.03929999999997,632.3516,585.5731,630.9654,589.0634,662.7499,521.7291,573.2283,576.0375,605.1839,595.3846,589.5618000000001,581.3515,634.9565,75.83019999999999,123.8863,0,91.7453,82.1228,149.9033,63.3187,316.5691,265.53040000000004,246.554,263.0767,265.53040000000004,646.5123000000001,592.2479000000001,546.1919,647.9402,547.8285999999999,345.7819,345.2208,353.751,397.3603,288.50640000000004,459.5651,544.5094,582.8045,393.2239
70,257.925,193.27960000000002,196.5465,290.3832,396.78909999999996,408.2403,352.6642,418.9214,350.3173,419.96040000000005,420.8047,501.1098,430.1832,342.06190000000004,390.3072,467.56359999999995,359.7825,466.895,113.3783,143.9118,180.6823,198.449,222.68329999999997,105.0618,102.4079,92.3131,54.086400000000005,118.8568,176.8155,201.573,94.00319999999999,197.7954,121.9723,423.0562,276.41159999999996,401.8191,338.9347,352.9731,298.71520000000004,308.279,291.9375,285.6275,283.1397,74.3675,110.3624,153.24220000000003,276.4875,312.11659999999995,334.2845,227.26239999999999,240.1089,339.2985,214.8032,558.9788000000001,512.2002,557.5926,515.6905,589.3770999999999,448.3562,499.85540000000003,502.66459999999995,531.8111,522.0117,516.1889,507.9786,561.5835999999999,35.676199999999994,53.7136,91.7453,0,9.134799999999998,63.459900000000005,93.9745,259.1856,208.147,189.1706,205.69320000000002,208.147,560.0689,505.8045,459.7485,561.4968,461.3852,403.5667,374.3418,399.1932,310.9169,285.92359999999996,488.68609999999995,573.6304,611.2159,306.7805
71,261.11039999999997,196.465,199.7318,293.5686,400.6443,412.0955,356.5194,422.7766,344.1985,413.84159999999997,414.6859,494.9909,434.0384,335.943,384.18829999999997,471.4188,362.9678,470.08029999999997,117.2335,147.767,184.5375,202.3042,226.5385,98.943,96.289,86.1943,52.2166,112.738,170.69670000000002,195.4541,116.4796,191.6765,115.8534,426.9114,270.2927,405.6743,311.0372,356.8283,302.5704,312.1342,295.7927,289.4827,286.99490000000003,77.5528,113.54769999999999,156.4275,270.36859999999996,305.9977,328.1656,221.1435,233.9901,333.1797,208.68439999999998,562.834,516.0554000000001,561.4478,519.5457,593.2323,452.2114,503.7106,506.5198,535.6663000000001,525.8669,520.0441,511.8338,565.4388,29.5574,53.6443,82.1228,9.134799999999998,0,69.169,85.9408,250.7936,199.7549,180.7785,197.30120000000002,199.7549,565.7779,511.5135,465.4575,567.2059,467.0942,378.53020000000004,377.96909999999997,404.90229999999997,316.626,291.63259999999997,492.3134,577.2578000000001,616.925,312.4895
72,316.0831,251.4377,199.6064,348.5412,328.9845,340.4357,284.8596,351.1168,406.8893,410.51779999999997,410.1923,483.3662,362.37859999999995,374.8132,446.8792,399.759,417.9405,492.5085,45.573699999999995,76.1071,112.87769999999999,130.6444,154.8786,161.63379999999998,158.9799,148.8851,96.7057,175.4288,233.3875,258.145,136.6225,254.3674,178.5443,355.2516,198.7368,334.0145,271.13009999999997,285.1685,230.91060000000002,240.4744,224.1329,217.8229,215.3351,132.5255,94.48819999999999,211.4002,333.0595,368.68859999999995,390.8565,283.8344,296.6809,395.8705,271.3752,491.1742,444.3956,489.788,447.88590000000005,521.5724,380.55159999999995,432.0508,434.86,464.0065,454.20709999999997,448.3843,440.174,493.779,103.8665,54.334,149.9033,63.459900000000005,69.169,0,153.0266,189.6034,138.56470000000002,138.4537,136.111,138.56470000000002,495.259,440.9946,394.93859999999995,496.687,396.57529999999997,338.7568,340.9573,334.38340000000005,246.1071,221.11370000000002,454.459,602.0509000000001,546.4060999999999,241.97070000000002
73,302.10720000000003,237.46179999999998,240.7286,334.5654,483.9144,495.3655,439.7894,506.0467,410.4846,480.1277,480.972,561.2771,517.3084,402.2292,450.4745,554.6888,403.9647,511.0771,200.5035,231.037,267.8075,285.5742,309.8085,165.22910000000002,162.57520000000002,152.4804,128.5194,116.0149,236.9828,261.7403,182.76579999999998,257.9627,182.1396,510.1814,336.57890000000003,488.9443,377.32340000000005,440.0983,385.84040000000005,395.4042,379.0627,372.7527,370.2649,118.54960000000001,154.5445,197.4244,336.65479999999997,372.2839,394.4518,287.4297,300.2762,399.4658,274.9705,646.104,599.3254000000001,644.7178,602.8157,676.5023,535.4815,586.9807,589.7898,618.9363000000001,609.1369,603.3141999999999,595.1038000000001,648.7089,69.489,126.5977,63.3187,93.9745,85.9408,153.0266,0,318.0175,266.9788,248.0024,264.52509999999995,266.9788,648.5465,594.2821,548.2261,649.9744000000001,549.8628,421.93829999999997,421.3772,429.9074,399.3945,374.4012,535.7215,620.6658,658.9609,395.25809999999996
74,503.00329999999997,438.35790000000003,441.6247,535.4615,414.77340000000004,426.2245,370.64840000000004,436.9057,165.6241,128.8256,152.9377,210.3459,174.44420000000002,103.4807,215.611,223.7501,565.4253,577.9218000000001,130.7526,140.9808,122.8193,239.0393,240.292,180.8595,169.9471,170.7403,178.1611,218.52710000000002,138.5778,269.5819,132.7993,118.8473,164.73020000000002,292.02320000000003,45.158699999999996,246.2749,83.5394,278.1535,244.77270000000001,162.916,168.79760000000002,159.8449,159.1084,319.4457,355.44059999999996,398.3205,174.96779999999998,210.5969,241.1096,109.41510000000001,187.1384,237.7789,143.067,427.9457,357.9999,386.30879999999996,384.6575,458.344,317.3232,368.8224,371.6316,549.7953,539.996,534.1732,525.9629,579.5679,250.35070000000002,164.9613,316.5691,259.1856,250.7936,189.6034,318.0175,0,52.440599999999996,102.6551,56.927099999999996,52.440599999999996,432.1564,377.8919,382.9133,450.3817,384.55,422.40009999999995,424.6006,418.0267,329.7503,261.4748,538.2425,685.6941999999999,630.1895999999999,165.48760000000001
75,451.9647,387.3193,390.5861,484.4228,356.29040000000003,367.74159999999995,312.1655,378.4227,178.2906,191.8328,191.5074,264.6812,286.7998,142.0504,241.7398,324.1803,507.3178,519.8143,108.868,126.1401,102.0407,157.95020000000002,182.1845,129.8209,118.9085,119.7017,127.1224,167.48839999999998,111.1424,218.5433,81.76060000000001,93.9738,113.6915,304.184,76.40010000000001,258.4358,117.14460000000001,290.31440000000003,256.9336,175.0769,180.9585,172.0058,171.2693,268.40709999999996,304.402,347.2818,171.9058,207.5348,240.4374,101.8461,167.8575,234.71679999999998,144.98260000000002,440.10659999999996,370.1608,398.46959999999996,396.81829999999997,470.5049,329.484,380.9832,383.79240000000004,491.3123,481.513,475.6902,467.47990000000004,521.0849000000001,199.312,113.92269999999999,265.53040000000004,208.147,199.7549,138.56470000000002,266.9788,52.440599999999996,0,50.9045,4.2561,0.0,444.3073,390.04290000000003,395.0642,462.5326,396.70090000000005,364.2599,366.46040000000005,359.88640000000004,271.6101,246.61679999999998,479.96209999999996,627.554,571.9091,177.6385
76,432.9882,368.3428,371.6096,465.44640000000004,405.95529999999997,417.4065,361.8304,428.0877,173.1064,193.4919,194.33620000000002,274.6413,337.0143,192.26489999999998,271.8383,374.3947,534.8457,569.4793000000001,133.7597,175.805,151.7056,207.61520000000002,231.8495,115.2493,81.68780000000001,86.6363,108.146,144.2968,62.4942,123.9501,62.7842,45.3256,55.309,354.3985,126.61460000000001,308.6502,167.3591,340.5289,307.1481,225.29129999999998,231.173,222.22029999999998,221.4838,249.4306,285.4256,328.3054,158.0186,193.64770000000001,215.81560000000002,69.4482,119.2093,220.8297,96.33439999999999,490.3211,420.3753,448.6841,447.0328,520.7193,379.6985,431.1977,434.00690000000003,540.9773,531.1779,525.3551,517.1448,570.7499,180.3356,113.8117,246.554,189.1706,180.7785,138.4537,248.0024,102.6551,50.9045,0,52.1997,50.8675,494.6787,440.41429999999997,445.43559999999997,512.9041,447.0723,414.0721,416.27259999999995,409.69870000000003,321.4223,296.429,529.7743,677.3661999999999,621.7214,228.0099
77,449.51090000000005,384.8655,388.1323,481.96909999999997,355.6597,367.1108,311.5347,377.792,191.4905,196.3193,195.9938,269.1677,291.2863,146.5369,245.7421,328.6667,506.6871,519.1836,98.9881,125.5093,101.41,157.3195,181.5538,127.36710000000001,116.4547,117.24789999999999,124.6687,165.03470000000002,112.47460000000001,216.0895,79.3069,95.306,111.23780000000001,308.6705,80.8866,262.92220000000003,121.6311,294.8009,261.4201,179.5633,185.445,176.4923,175.7558,265.9533,301.9482,344.82809999999995,173.2379,208.867,241.7695,103.1782,169.18970000000002,236.049,146.3148,444.5931,374.6473,402.9561,401.3048,474.99129999999997,333.9705,385.4697,388.2789,490.6816,480.8823,475.0595,466.84909999999996,520.4542,196.85829999999999,111.46889999999999,263.0767,205.69320000000002,197.30120000000002,136.111,264.52509999999995,56.927099999999996,4.2561,52.1997,0,4.206,448.4718,394.2073,399.2287,466.6971,400.8654,363.6929,365.89340000000004,359.31940000000003,271.0431,246.04979999999998,479.39509999999996,626.987,571.3421,181.803
78,451.9647,387.3193,390.5861,484.4228,356.29040000000003,367.74159999999995,312.1655,378.4227,178.2906,191.8328,191.5074,264.6812,286.7998,142.0504,241.7398,324.1803,507.3178,519.8143,108.868,126.1401,102.0407,157.95020000000002,182.1845,129.8209,118.9085,119.7017,127.1224,167.48839999999998,111.1424,218.5433,81.76060000000001,93.9738,113.6915,304.184,76.40010000000001,258.4358,117.14460000000001,290.31440000000003,256.9336,175.0769,180.9585,172.0058,171.2693,268.40709999999996,304.402,347.2818,171.9058,207.5348,240.4374,101.8461,167.8575,234.71679999999998,144.98260000000002,440.10659999999996,370.1608,398.46959999999996,396.81829999999997,470.5049,329.484,380.9832,383.79240000000004,491.3123,481.513,475.6902,467.47990000000004,521.0849000000001,199.312,113.92269999999999,265.53040000000004,208.147,199.7549,138.56470000000002,266.9788,52.440599999999996,0.0,50.8675,4.206,0,444.3073,390.04290000000003,395.0642,462.5326,396.70090000000005,364.2599,366.46040000000005,359.88640000000004,271.6101,246.61679999999998,479.96209999999996,627.554,571.9091,177.6385
79,690.2649,607.1346,606.0536,722.723,333.8896,258.35360000000003,295.445,284.8927,518.0938,413.4345,413.109,486.28290000000004,278.34159999999997,377.73,542.1901,276.3263,621.2483000000001,633.7448,466.0528,441.2665,370.3312,380.64820000000003,381.90090000000004,573.126,562.2136999999999,563.0068,593.3146999999999,610.7936,554.9536999999999,661.8484,525.0658000000001,537.7850999999999,556.9966999999999,137.96370000000002,374.29659999999996,248.34789999999998,339.6003,180.6329,287.5493,262.553,256.9188,266.14390000000003,265.5434,629.1344,588.5481,708.0092,570.3349000000001,617.1415,647.7461999999999,532.2624000000001,659.0633,644.3235,617.9155,99.6581,209.6227,222.308,85.56230000000001,91.8955,116.13,164.8833,167.6925,306.3793,298.5107,292.0635,346.98220000000003,350.8531,600.4755,543.9267,646.5123000000001,560.0689,565.7779,495.259,648.5465,432.1564,444.3073,494.6787,448.4718,444.3073,0,55.0668,152.7294,229.73620000000003,105.71130000000001,460.1918,471.2087,464.6348,471.6678,498.57340000000005,441.3725,585.3499,490.7679,259.871
80,636.0004,552.8702,551.7891,668.4585999999999,337.0336,261.4977,298.5891,288.03679999999997,463.8293,359.1701,358.84459999999996,432.0185,224.0771,323.4655,487.9257,222.06189999999998,652.7698,665.2663,411.7884,387.002,316.0668,326.3838,327.6365,518.8616,507.9492,508.74240000000003,539.0503,556.5292,500.6892,607.584,470.8014,483.52070000000003,502.7323,83.69930000000001,320.0322,194.0835,285.33590000000004,155.793,239.585,208.2885,202.65439999999998,211.8795,211.279,574.87,534.2837,653.7448,516.0705,562.8770999999999,593.4816999999999,477.998,604.7989,590.0591,563.6510999999999,95.5072,167.0604,188.4872,52.218900000000005,113.2957,61.8656,131.0625,133.8717,309.52340000000004,301.65479999999997,295.2075,350.12620000000004,353.9971,546.2111,489.6623,592.2479000000001,505.8045,511.5135,440.9946,594.2821,377.8919,390.04290000000003,440.41429999999997,394.2073,390.04290000000003,55.0668,0,155.93370000000002,232.94060000000002,108.91560000000001,509.6854,511.886,505.312,417.0357,443.9413,444.5768,772.9795,493.9722,205.2389
81,589.9445,506.8142,505.7331,539.3299000000001,177.7318,102.1959,139.2873,128.735,484.9676,380.3084,379.98290000000003,453.1567,332.3174,344.6038,509.06390000000005,369.6978,465.0905,477.587,365.73240000000004,340.946,301.06440000000003,280.32779999999997,281.5805,557.9224,512.9706,545.1736999999999,492.9943,571.7174,629.6761,654.4336,475.8227,488.542,507.75359999999995,176.52020000000002,325.0535,303.9533,310.1191,119.67710000000001,180.4661,213.3098,215.3138,217.30120000000002,216.3003,528.814,488.2277,607.6888,537.2086999999999,584.0154,614.62,483.0193,625.9372,611.1973,584.7893,241.8816,314.5331,359.9255,206.8161,253.8024,192.54670000000002,302.1884,304.9975,146.2575,138.389,131.94170000000003,186.8604,190.73129999999998,500.1551,443.6063,546.1919,459.7485,465.4575,394.93859999999995,548.2261,382.9133,395.0642,445.43559999999997,399.2287,395.0642,152.7294,155.93370000000002,0,69.82430000000001,41.2111,312.2828,323.29970000000003,316.7257,252.5341,304.1023,293.46340000000004,437.44079999999997,330.856,209.56029999999998
82,620.0847,536.3855,534.1201,581.1786,219.5805,174.9567,221.6237,170.58370000000002,552.436,447.7768,447.4513,520.6251,399.7858,412.0722,576.5324,437.1663,506.9392,519.4357,467.4807,442.69440000000003,447.8165,382.1905,383.4432,659.6706999999999,657.0168000000001,646.922,594.7425999999999,673.4657,731.4244,756.1819,543.2911,556.0104,575.222,243.98870000000002,392.5219,371.4217,377.5875,187.1455,247.9345,280.7783,282.7822,284.7697,283.7687,630.5624,589.9761,629.2679,604.6771,651.4838000000001,682.0884,550.4876999999999,794.7178,678.6658,769.4121,318.8885,382.0016,427.39390000000003,283.823,330.80920000000003,269.5535,369.6568,372.46590000000003,79.8836,72.015,65.5678,120.48639999999999,124.3574,601.9034,545.3546,647.9402,561.4968,567.2059,496.687,649.9744000000001,450.3817,462.5326,512.9041,466.6971,462.5326,229.73620000000003,232.94060000000002,69.82430000000001,0,125.0884,318.9653,329.98220000000003,323.4083,299.879,351.4471,300.146,452.9243,263.86,278.37609999999995
83,591.5811,508.45090000000005,507.3698,624.0393,213.38029999999998,137.8444,174.9358,164.3835,486.60429999999997,381.945,381.6196,454.7934,333.9541,346.2405,510.70059999999995,371.3345,500.739,513.2355,367.3691,342.5827,302.7011,281.9645,283.2172,559.5591,514.6072,546.8104000000001,494.631,573.3541,631.3128,656.0703000000001,477.4594,490.1787,509.39029999999997,128.6723,326.6902,305.59,311.75579999999997,121.3137,182.1028,214.9465,216.9505,218.93789999999998,217.937,530.4507,489.86440000000005,609.3255,538.8454,585.6521,616.2566999999999,484.656,627.5739,612.834,586.426,194.86360000000002,255.0865,283.1628,159.798,206.7843,148.5556,225.4257,228.23479999999998,200.9328,193.06429999999997,186.617,241.53570000000002,245.4066,501.79179999999997,445.243,547.8285999999999,461.3852,467.0942,396.57529999999997,549.8628,384.55,396.70090000000005,447.0723,400.8654,396.70090000000005,105.71130000000001,108.91560000000001,41.2111,125.0884,0,348.2301,359.247,352.673,313.018,339.01890000000003,329.4107,473.38809999999995,384.4254,211.7632
84,265.1508,181.45170000000002,179.1862,226.2448,130.3447,215.0068,178.8385,186.855,584.126,479.4667,479.1412,552.3151,431.3275,443.7622,608.2223,468.7079,152.00529999999998,164.50179999999997,309.5506,260.7645,289.8863,200.9034,194.2719,467.7844,465.1304,455.0357,436.8125,481.5794,539.5381,564.2955999999999,476.72929999999997,560.5179,484.6948,424.2005,364.5403,402.96340000000004,376.8456,354.11740000000003,233.6619,309.4233,317.9701,316.8121,309.1723,318.8072,284.2338,274.3341,639.2101,674.8391,697.0070999999999,589.985,602.8315,702.0210999999999,577.5258,560.1231,513.3445,558.7369,516.8348,590.5214,449.50059999999996,500.9998,503.80890000000005,322.5779,312.7785,306.9558,298.7454,352.3505,398.5615,387.42440000000005,345.7819,403.5667,378.53020000000004,338.7568,421.93829999999997,422.40009999999995,364.2599,414.0721,363.6929,364.2599,460.1918,509.6854,312.2828,318.9653,348.2301,0,3.8296,6.9128,102.91839999999999,144.2869,118.3041,272.0143,241.5435,311.56890000000004
85,264.5897,180.8906,178.6251,225.6836,141.3616,226.02370000000002,189.8554,197.87189999999998,586.3265,481.6673,481.3418,554.5156,433.528,445.9627,610.4228,470.9085,151.44420000000002,163.94070000000002,311.75109999999995,262.965,292.0868,203.10389999999998,196.4725,467.2232,464.5693,454.4745,439.013,481.0183,538.977,563.7344,478.9298,559.9568,484.13370000000003,426.4011,366.7409,405.164,379.04609999999997,356.318,235.8624,311.62379999999996,320.1706,319.01259999999996,311.3729,318.246,283.6727,273.77290000000005,638.6489,674.278,696.4459,589.4238,602.2703,701.46,576.9647,562.3236999999999,515.5450999999999,560.9375,519.0354,592.7219,451.7011,503.20029999999997,506.0095,333.59479999999996,323.79540000000003,317.97270000000003,309.7623,363.36740000000003,398.0004,389.625,345.2208,374.3418,377.96909999999997,340.9573,421.3772,424.6006,366.46040000000005,416.27259999999995,365.89340000000004,366.46040000000005,471.2087,511.886,323.29970000000003,329.98220000000003,359.247,3.8296,0,10.9659,105.0905,146.4591,127.934,271.3483,251.1734,313.741
86,273.11990000000003,189.42079999999999,187.15529999999998,234.2138,134.7877,219.4497,183.2814,191.298,579.7526,475.0933,474.76779999999997,547.9417,426.9541,439.38870000000003,603.8489000000001,464.3345,159.9744,172.4709,305.1772,256.391,285.5129,196.53,189.8985,497.3671,494.71320000000003,484.6184,432.439,511.1622,569.1209,593.8783000000001,472.3559,590.1007,514.2776,419.8271,360.1669,398.59,372.4722,349.744,229.2885,305.04990000000004,313.5967,312.43859999999995,304.7989,326.7763,292.2029,282.3031,668.7928,704.4219,726.5898000000001,461.8366,632.4141999999999,731.6039000000001,607.1085,555.7497,508.9711,554.3635,512.4614,586.148,445.1271,496.6263,499.4355,327.0208,317.2215,311.3987,303.1884,356.7934,406.5306,383.051,353.751,399.1932,404.90229999999997,334.38340000000005,429.9074,418.0267,359.88640000000004,409.69870000000003,359.31940000000003,359.88640000000004,464.6348,505.312,316.7257,323.4083,352.673,6.9128,10.9659,0,98.67989999999999,140.0485,125.3405,279.6635,246.8373,307.3304
87,257.6666,174.53629999999998,173.4553,319.3347,184.89479999999998,179.92079999999999,114.7097,241.4051,491.4762,386.817,386.4915,459.66540000000003,338.6778,351.11240000000004,515.5726,376.0582,245.09529999999998,257.5918,216.90079999999998,168.1147,197.2366,108.2536,101.62219999999999,409.0908,406.43690000000004,396.34209999999996,344.16270000000003,422.88579999999996,480.8445,505.602,384.0795,501.8244,426.0013,331.5508,271.89059999999995,310.31370000000004,284.19579999999996,261.46770000000004,141.0122,216.77360000000002,225.3204,224.1623,216.5226,379.9825,209.99110000000002,266.84990000000005,580.5165,616.1456,638.3135,373.5602,544.1379000000001,643.3275,518.8322000000001,467.4734,420.6948,466.0872,424.1851,497.8716,356.8508,408.35,411.1592,303.49159999999995,293.6922,287.86940000000004,279.65909999999997,333.2641,351.3235,294.7747,397.3603,310.9169,316.626,246.1071,399.3945,329.7503,271.6101,321.4223,271.0431,271.6101,471.6678,417.0357,252.5341,299.879,313.018,102.91839999999999,105.0905,98.67989999999999,0,51.1594,237.2369,364.73879999999997,360.4763,218.75560000000002
88,207.87529999999998,124.745,123.664,240.3335,226.2633,231.4889,175.91279999999998,282.7736,518.3818,413.7226,413.39709999999997,486.571,365.58340000000004,378.018,542.4781999999999,402.9638,286.4638,298.96029999999996,191.9075,111.302,172.2432,127.4193,128.5278,384.0975,381.4435,371.3488,319.1694,397.8925,455.8512,480.6087,359.0862,476.831,401.0079,358.45640000000003,298.7962,337.2193,311.1014,288.3733,167.013,243.6792,252.226,251.06789999999998,243.4282,261.5317,160.1997,217.0585,555.5232,591.1522,613.3202,348.56690000000003,519.1446,618.3342,493.8389,494.379,447.60040000000004,492.9928,451.0907,524.7772,383.75640000000004,435.25559999999996,438.0648,355.0597,345.2603,339.4376,331.22720000000004,384.8323,326.3302,269.7814,288.50640000000004,285.92359999999996,291.63259999999997,221.11370000000002,374.4012,261.4748,246.61679999999998,296.429,246.04979999999998,246.61679999999998,498.57340000000005,443.9413,304.1023,351.4471,339.01890000000003,144.2869,146.4591,140.0485,51.1594,0,280.036,407.53790000000004,403.27540000000005,244.8763
89,378.934,295.23490000000004,292.9694,307.3824,119.55980000000001,196.1874,174.6934,168.03570000000002,699.9684,595.3091999999999,594.9837,668.1576,547.17,559.6046,724.0648,584.5504,220.3643,107.9549,425.2528,400.4665,405.5885,336.69559999999996,330.0641,581.5676,578.9136,568.8189,552.5147,595.3625999999999,653.3213000000001,678.0788,592.4315,674.3011,598.478,540.043,480.3828,518.8059000000001,492.688,342.4138,277.3852,425.2658,433.8126,432.6545,425.0148,432.59040000000005,398.017,388.1172,752.9933000000001,788.6223,810.7901999999999,703.7681,716.6147,815.8043,691.309,530.5246999999999,629.187,674.5794000000001,632.6773000000001,542.4455,565.343,616.8421999999999,619.6514,303.7585,293.9592,288.13640000000004,159.05679999999998,233.52470000000002,512.3447,503.1267,459.5651,488.68609999999995,492.3134,454.459,535.7215,538.2425,479.96209999999996,529.7743,479.39509999999996,479.96209999999996,441.3725,444.5768,293.46340000000004,300.146,329.4107,118.3041,127.934,125.3405,237.2369,280.036,0,147.8319,128.4642,426.47679999999997
90,389.3298,403.6204,422.9382,307.636,263.5372,340.1648,318.6708,312.01309999999995,847.4200999999999,742.7608,742.4354000000001,815.6092,694.6216,707.0563000000001,871.5164,732.0020999999999,220.6179,114.6097,572.8447,524.0586,553.1804000000001,464.1975,457.566,666.5119,663.858,653.7632,630.022,680.3069,738.2656,763.0231,684.0485,759.2455,683.4224,687.4946,627.8344000000001,666.2575,640.1397,617.4116,496.956,572.7174,581.2642,580.1062,572.4664,517.5347,482.9614,473.0616,837.9376,873.5667,895.7346,788.7125,801.559,900.7486,776.2533000000001,823.4172,776.6386,822.031,780.1289,853.8155,712.7946999999999,764.2939,767.103,373.665,380.4745,392.22290000000004,332.8948,351.2933,597.289,628.1003000000001,544.5094,573.6304,577.2578000000001,602.0509000000001,620.6658,685.6941999999999,627.554,677.3661999999999,626.987,627.554,585.3499,772.9795,437.44079999999997,452.9243,473.38809999999995,272.0143,271.3483,279.6635,364.73879999999997,407.53790000000004,147.8319,0,176.9634,574.264
91,535.4281,418.47429999999997,416.2088,453.73440000000005,195.1959,224.67589999999998,239.3108,196.5241,791.9155,687.2561999999999,686.9307,760.1046,639.117,651.5517,816.0118,676.4974,366.7163,260.7081,517.1998,492.4135,497.5356,431.9097,433.1623,709.3898,706.7359,696.6410999999999,644.4617,723.1849,781.1435,805.901,684.3785,802.1234000000001,726.3003,505.02029999999996,572.3298000000001,610.7529000000001,584.6351,448.1771,349.6449,517.2128,525.7596,524.6016,516.9618,555.8298000000001,521.2565,511.3567,880.8155,916.4445999999999,938.6125,673.8593000000001,844.4369,943.6265999999999,819.1311999999999,579.9201999999999,721.134,766.5264,544.8546,591.8409,530.5852,708.7893,711.5984,184.60070000000002,191.4101,203.1586,138.9624,162.229,651.6225999999999,595.0736999999999,582.8045,611.2159,616.925,546.4060999999999,658.9609,630.1895999999999,571.9091,621.7214,571.3421,571.9091,490.7679,493.9722,330.856,263.86,384.4254,241.5435,251.1734,246.8373,360.4763,403.27540000000005,128.4642,176.9634,0,519.0675
92,436.9765,353.8462,352.7652,469.4347,303.0939,314.545,258.9689,325.2262,277.08279999999996,172.4235,172.098,245.2719,124.4325,136.7189,301.17909999999995,161.813,453.7458,466.2423,212.7644,187.9781,113.1822,127.3598,128.6125,306.4572,295.54490000000004,296.338,340.0263,344.1248,288.28490000000005,395.1796,258.397,271.11629999999997,290.3279,119.754,107.62780000000001,96.0685,89.3395,100.1447,110.7298,3.4784,7.447,7.1778,7.1291,375.8461,335.2598,454.7208,329.32390000000004,376.1305,406.7351,265.5936,418.0523,403.3125,376.9045,255.6766,208.898,254.2904,212.3883,286.0749,145.0541,196.5532,199.3624,438.1158,428.3165,339.9047,414.2833,467.88840000000005,347.1871,290.6383,393.2239,306.7805,312.4895,241.97070000000002,395.25809999999996,165.48760000000001,177.6385,228.0099,181.803,177.6385,259.871,205.2389,209.56029999999998,278.37609999999995,211.7632,311.56890000000004,313.741,307.3304,218.75560000000002,244.8763,426.47679999999997,574.264,519.0675,0
